131.88761904761904,-19.72761904761905,211.8042857142857
131.21333333333337,-11.439047619047615,213.1185714285714
130.7595238095238,-2.907142857142857,213.89666666666668
131.9519047619048,4.947619047619048,212.42
133.74666666666664,12.86809523809524,211.85619047619045
137.03285714285707,20.764761904761905,208.99571428571429
140.6247619047619,27.37142857142857,205.2290476190476
145.6361904761905,33.459523809523816,200.5666666666667
151.44809523809525,37.0052380952381,195.63857142857145
156.9704761904762,39.91571428571428,190.4928571428572
163.28809523809525,42.00333333333333,184.07
169.24714285714285,41.28904761904762,178.4852380952381
175.23380952380953,40.44523809523808,172.60142857142858
181.21619047619043,36.88285714285715,166.98619047619044
185.75,32.29,162.0514285714286
190.12,26.5,158.5052380952381
192.6038095238096,20.200000000000003,155.0361904761905
195.4804761904762,13.242380952380952,152.4771428571429
197.1019047619048,6.255714285714286,151.3385714285714
197.98619047619044,-1.033809523809524,150.37904761904767
197.794761904762,-8.929047619047617,149.22761904761902
196.71333333333337,-16.09523809523809,150.17619047619047
195.15,-23.86190476190476,150.8847619047619
191.9985714285714,-30.85571428571429,153.04095238095238
188.8880952380952,-36.61,156.0457142857143
184.9833333333333,-42.41571428571429,159.63380952380953
180.1457142857143,-46.51,163.8590476190476
175.54238095238097,-49.66,168.43333333333334
169.93857142857146,-51.85095238095238,173.47904761904763
164.32285714285717,-53.21619047619048,178.47285714285707
159.19190476190477,-52.39190476190476,183.76761904761904
153.38333333333335,-49.827619047619045,188.57
148.72285714285715,-47.31714285714286,193.83619047619047
144.68285714285713,-43.18952380952383,198.55047619047625
141.65333333333334,-38.21380952380952,201.96904761904764
127.8719047619048,-75.60333333333334,200.4442857142857
136.37000000000003,-82.00761904761906,191.64523809523808
145.38047619047617,-85.29238095238097,182.6919047619048
154.86095238095237,-87.34999999999998,173.16619047619048
164.49809523809523,-85.94857142857143,165.1442857142857
173.72428571428568,-83.77047619047623,154.79666666666668
182.5295238095238,-78.84619047619049,147.89190476190475
191.6209523809524,-72.23,139.4452380952381
198.60857142857145,-63.54619047619047,133.4404761904762
205.50809523809528,-52.90285714285714,126.2852380952381
210.6071428571428,-42.45666666666668,121.93666666666668
214.70999999999995,-29.45952380952381,118.90714285714289
217.0819047619048,-14.880476190476186,118.1409523809524
217.4833333333333,-2.058095238095238,118.90857142857143
216.1747619047619,10.59047619047619,119.9304761904762
213.6166666666667,24.79857142857143,123.49476190476194
209.7457142857143,36.63714285714286,127.7147619047619
204.73,46.85619047619048,132.92904761904762
198.00857142857143,55.970952380952376,139.64285714285717
190.26666666666668,63.85380952380952,147.42714285714288
181.35571428571427,69.28428571428573,156.60428571428574
172.8695238095238,73.11952380952381,165.8352380952381
162.44619047619048,74.06666666666665,175.24047619047622
152.51904761904763,73.6595238095238,185.03666666666663
142.39190476190475,69.96952380952382,194.5742857142857
133.04380952380953,64.42999999999999,202.81714285714284
124.69142857142856,55.72761904761904,210.5709523809524
116.94285714285716,46.03142857142856,217.6228571428572
111.18380952380951,34.52857142857143,222.6266666666667
106.54428571428572,22.136190476190475,226.5266666666667
103.56095238095236,9.376190476190477,228.54476190476188
102.38285714285716,-4.563333333333333,229.2652380952381
102.96428571428572,-18.17666666666667,228.1266666666667
104.79428571428572,-32.411904761904765,225.62571428571425
109.06000000000002,-44.60952380952382,220.3014285714285
114.29190476190476,-56.28,214.7623809523809
77.17809523809524,-68.81333333333333,228.5847619047619
71.17285714285714,-51.903333333333336,235.25142857142856
67.81190476190474,-36.9404761904762,238.73571428571427
65.17952380952381,-17.984285714285715,242.97285714285715
65.06428571428572,1.5342857142857145,243.07666666666668
68.07428571428571,22.59952380952381,241.42
73.30571428571429,41.18380952380953,237.96714285714287
81.0485714285714,58.95333333333333,230.4619047619048
90.14666666666666,74.9342857142857,223.3761904761904
101.61952380952384,88.29809523809524,212.49476190476187
114.34476190476188,98.67476190476188,200.79428571428568
128.53428571428572,105.93380952380951,187.92428571428573
142.93809523809523,109.92714285714284,172.78142857142856
157.93666666666667,110.5385714285714,159.55190476190478
172.45523809523812,107.3695238095238,147.04190476190476
185.54761904761904,100.8814285714286,132.59190476190474
198.4804761904762,90.91333333333334,120.38380952380956
208.57761904761907,79.13,109.89238095238096
217.82571428571435,64.45285714285716,99.95857142857142
224.7142857142857,48.29380952380953,91.93666666666668
229.91095238095235,29.686666666666664,85.89666666666668
232.1138095238095,10.38190476190476,82.5957142857143
232.67857142857144,-9.167142857142858,80.08999999999999
230.94523809523807,-29.534761904761904,81.87380952380953
226.06238095238092,-48.21238095238096,85.14142857142858
219.0590476190476,-66.83619047619048,90.3552380952381
209.8557142857143,-83.36238095238095,98.25
199.9404761904762,-96.34761904761906,106.88095238095238
188.37761904761905,-107.63095238095237,118.05333333333336
175.27476190476193,-116.32714285714285,130.12190476190474
161.09285714285718,-121.24523809523808,142.95714285714288
147.72285714285715,-123.84333333333332,154.94761904761904
133.25380952380954,-122.48333333333332,170.09
119.58285714285716,-118.72809523809526,182.99
107.18380952380951,-110.67285714285715,196.42809523809524
94.83666666666666,-100.45809523809524,208.52523809523808
80.87428571428572,-141.4961904761905,188.4819047619048
98.14333333333336,-150.3204761904762,172.2571428571429
115.98380952380953,-155.51238095238097,154.2552380952381
134.08619047619047,-156.66904761904755,137.1890476190476
151.63571428571427,-153.38285714285715,120.46
169.35190476190473,-145.74,103.66
185.6233333333333,-135.45095238095237,88.39809523809524
200.2009523809524,-121.21619047619048,75.23190476190476
214.03619047619048,-103.06761904761905,63.77904761904762
225.05190476190472,-82.52047619047619,53.39238095238096
233.44,-61.14739130434783,46.93260869565218
239.49608695652165,-36.94434782608696,42.76130434782608
242.767619047619,-8.35857142857143,41.09095238095237
242.08952380952377,15.544761904761904,42.40428571428572
239.46272727272725,40.21590909090908,47.375
232.33523809523803,64.76666666666665,54.85190476190477
223.1619047619048,85.6995238095238,65.16238095238096
212.50666666666663,104.30666666666669,76.3642857142857
198.5619047619048,119.78,90.25666666666667
183.0361904761905,132.47095238095235,106.59571428571428
166.38238095238097,140.9328571428572,122.1685714285714
148.1057142857143,145.59999999999997,139.68190476190475
129.1218181818182,146.0740909090909,159.57818181818183
109.83695652173913,141.63782608695652,175.98869565217393
92.53043478260872,132.52999999999997,193.96434782608696
74.46857142857144,119.04142857142858,210.6452380952381
60.28173913043479,102.55434782608694,222.97000000000008
47.915217391304346,82.65695652173913,234.41130434782605
37.38333333333335,59.77428571428571,243.25714285714284
30.49285714285714,35.848571428571425,247.9014285714286
26.29,10.464545454545451,251.84136363636364
25.47863636363637,-15.392272727272728,250.7990909090909
28.75,-41.36380952380952,247.11666666666665
33.53428571428572,-66.13333333333335,239.87380952380948
42.690000000000005,-88.83380952380953,230.32952380952372
54.67173913043479,-110.15391304347824,218.27173913043475
6.005238095238094,-110.53619047619048,225.43523809523808
-4.9576190476190485,-83.88666666666668,237.43238095238092
-10.985714285714288,-62.3152380952381,245.1809523809524
-16.008571428571422,-31.49428571428572,250.994761904762
-16.90380952380952,-0.959047619047619,252.9242857142857
-13.665238095238092,30.413809523809523,252.27380952380943
-6.836249999999999,61.30916666666667,245.8704166666666
3.597619047619048,89.29142857142857,237.45
17.984761904761903,115.19904761904763,225.10857142857145
34.802857142857135,137.24714285714285,210.2457142857143
54.06666666666667,155.40761904761905,192.03476190476192
76.14285714285714,167.7947619047619,172.85238095238097
98.93333333333332,176.34428571428575,150.76714285714286
121.68047619047618,178.3852380952381,129.29523809523812
143.99047619047622,175.36238095238093,107.14952380952384
166.68136363636364,165.78818181818184,85.33772727272729
185.72739130434783,152.73652173913044,65.8004347826087
203.4295454545454,135.19272727272724,47.67409090909091
218.38909090909092,112.99227272727272,31.64590909090909
230.5790476190476,87.80333333333336,19.43238095238096
239.3636363636364,59.60954545454546,9.226818181818182
244.34590909090912,30.074999999999992,2.357727272727273
246.11714285714285,-0.4076190476190475,-0.8947619047619049
243.73285714285709,-32.12333333333334,0.389047619047619
237.605,-63.23772727272728,4.581818181818181
227.89952380952383,-91.21523809523808,11.44
214.34043478260864,-117.16173913043475,22.47695652173913
198.5742857142857,-139.25285714285715,36.06333333333333
181.10571428571424,-158.0233333333333,52.17666666666667
161.87000000000003,-172.25857142857143,70.5457142857143
139.96238095238098,-181.5304761904762,89.4895238095238
118.6791304347826,-186.5021739130435,110.69
96.71380952380952,-186.54142857142853,131.46999999999997
74.36863636363637,-181.0409090909091,152.98636363636365
53.86190476190476,-170.61857142857147,173.05
35.25428571428571,-154.98285714285717,191.9752380952381
24.437142857142867,-192.7076190476191,156.2676190476191
47.65428571428571,-204.4552380952381,133.75476190476192
72.35857142857145,-210.1247619047619,108.37476190476195
96.88904761904764,-210.1180952380952,85.46190476190476
120.68619047619048,-205.01428571428573,62.96523809523809
145.00863636363636,-194.13090909090909,40.98090909090909
167.19,-179.11380952380955,19.91380952380953
187.6052380952381,-158.732380952381,1.615714285714286
205.4509523809524,-133.53285714285715,-13.88095238095238
220.1157142857143,-103.5038095238095,-26.64523809523809
230.87409090909088,-74.70636363636362,-35.10090909090909
238.9286956521739,-40.54391304347826,-40.82391304347826
242.6642857142857,-2.0471428571428567,-42.591428571428565
241.40739130434773,31.37695652173913,-39.025217391304345
235.97782608695653,65.57869565217392,-31.944782608695657
226.08391304347828,98.9930434782609,-20.539565217391303
212.93761904761905,127.06333333333336,-7.742380952380951
196.97476190476183,151.13428571428574,9.65
177.3380952380952,172.72380952380954,29.23904761904761
155.01857142857145,189.04,51.60714285714287
132.39545454545458,200.08499999999995,73.94181818181816
106.47380952380948,205.23000000000005,98.79666666666668
79.95571428571428,204.0771428571429,124.47666666666667
55.08181818181818,196.5886363636364,149.32000000000002
29.54,183.35,172.71227272727276
6.823809523809524,163.6147619047619,193.78333333333333
-13.334761904761905,140.2876190476191,211.6938095238096
-29.907142857142865,111.89857142857144,227.16047619047612
-42.78590909090909,79.90090909090908,237.83090909090907
-51.556086956521725,46.37608695652175,244.27782608695657
-56.13045454545454,11.208181818181815,246.87681818181812
-57.15761904761906,-24.42619047619048,245.5542857142857
-52.64666666666666,-60.04666666666668,239.6642857142857
-43.61333333333334,-94.08083333333332,230.62124999999995
-30.80190476190476,-124.27285714285716,216.22809523809525
-14.04952380952381,-153.09333333333336,198.1957142857143
-66.83000000000001,-139.27047619047616,197.3823809523809
-81.71761904761905,-106.4795238095238,214.18142857142865
-89.31181818181817,-79.0509090909091,223.71545454545452
-95.9247619047619,-41.375714285714274,232.1352380952381
-97.66142857142856,-3.016666666666667,233.9157142857143
-94.50619047619048,36.30761904761904,234.3509523809524
-86.50363636363636,75.1840909090909,227.41681818181823
-73.43590909090909,110.32863636363632,217.2404545454545
-56.22142857142857,143.7004761904762,202.75285714285712
-35.85380952380952,172.0385714285714,184.51809523809524
-12.004285714285716,194.5914285714285,162.98190476190476
15.008181818181816,212.50727272727272,138.0781818181818
44.13454545454545,223.47181818181812,109.9190909090909
71.89285714285714,227.48142857142847,83.55380952380953
100.11,223.7090476190476,56.1752380952381
128.19095238095238,213.73380952380955,28.505238095238106
152.75909090909093,197.5159090909092,4.699999999999999
175.46045454545452,176.33454545454546,-19.23772727272728
194.9181818181818,149.20863636363637,-39.59590909090909
210.98318181818183,117.9309090909091,-55.903636363636345
221.9642857142857,83.31523809523812,-69.3757142857143
229.28333333333333,46.26,-78.39238095238095
231.3434782608696,8.385652173913044,-82.91782608695652
229.49857142857144,-31.756190476190483,-82.1990476190476
221.6619047619048,-70.40571428571428,-77.21809523809524
210.16739130434777,-105.86608695652173,-68.57652173913044
194.3647619047619,-138.45142857142858,-54.355238095238086
175.07090909090903,-166.625,-38.70181818181818
153.62809523809523,-190.9290476190476,-20.118571428571432
129.59761904761905,-208.8728571428572,2.051904761904762
102.80666666666669,-222.06904761904767,27.0347619047619
76.26,-228.6822727272728,52.21863636363637
48.27523809523811,-229.6080952380952,80.14714285714284
20.478571428571428,-223.7780952380952,106.5490476190476
-5.03952380952381,-211.3038095238095,131.77809523809523
-30.00047619047619,-192.8485714285714,158.16333333333336
-38.150000000000006,-222.28952380952376,107.11380952380952
-10.463333333333331,-234.8871428571429,79.84666666666666
18.79333333333334,-240.94285714285712,52.02571428571429
47.78857142857143,-240.89761904761903,23.902857142857144
76.01523809523812,-234.3509523809524,-2.892857142857144
103.36476190476192,-221.5985714285714,-28.36619047619048
128.5677272727273,-202.0986363636364,-52.41863636363637
152.0066666666667,-178.4209523809524,-72.49238095238097
173.3204761904762,-148.4652380952381,-90.27380952380952
189.90272727272725,-114.3627272727273,-105.01954545454548
202.33772727272725,-79.41818181818184,-115.17909090909092
210.71,-40.21857142857143,-119.82666666666664
213.97272727272727,5.036818181818183,-121.69318181818184
211.9614285714285,43.52714285714286,-117.99571428571426
205.5190476190476,82.99714285714288,-109.42095238095236
192.8952380952381,122.39476190476192,-95.46428571428574
178.2395238095238,154.40761904761902,-79.40380952380951
159.38857142857142,182.3261904761905,-60.575238095238106
136.46857142857144,206.84047619047612,-36.18523809523809
109.9095238095238,225.4580952380952,-9.772380952380953
82.26428571428572,236.78761904761905,17.659523809523808
52.92142857142856,242.66523809523807,46.37047619047619
22.01809523809524,240.4380952380952,76.06761904761905
-8.069047619047618,231.2057142857143,104.30523809523812
-36.99380952380952,215.2161904761905,130.96333333333328
-63.41238095238096,191.1847619047619,155.77333333333334
-85.89095238095237,163.4752380952381,176.6190476190476
-105.03238095238092,129.69666666666666,193.12047619047613
-119.98478260869564,92.64652173913043,205.82565217391303
-129.84904761904758,53.29285714285714,212.472380952381
-134.67142857142858,12.119523809523807,216.4652380952381
-134.5421739130435,-29.700434782608696,213.7026086956522
-129.10782608695652,-70.83304347826088,206.54826086956527
-118.58904761904762,-110.00904761904762,194.69
-102.99272727272728,-146.07863636363638,177.7840909090909
-82.53090909090908,-177.7627272727273,157.0881818181818
-134.10238095238097,-152.3557142857143,149.6809523809524
-150.29619047619047,-116.84428571428568,166.63809523809525
-159.8661904761905,-86.93142857142858,177.0890476190476
-166.47428571428574,-45.81190476190476,186.4595238095238
-168.99761904761905,-4.284285714285715,190.5623809523809
-165.4980952380952,38.92857142857142,189.54666666666668
-157.3190476190476,81.58904761904763,184.36714285714285
-144.23571428571427,121.19190476190477,172.52714285714288
-126.14619047619048,157.45285714285717,156.91904761904766
-103.02772727272728,188.57045454545457,137.28999999999996
-77.90227272727273,214.8772727272727,114.1590909090909
-48.76428571428572,233.9614285714285,87.2804761904762
-17.235238095238092,246.73904761904765,57.19714285714287
13.477272727272725,251.3372727272728,27.67636363636364
45.00333333333333,248.3552380952381,-2.68
74.92761904761906,237.5314285714285,-33.26761904761905
102.83476190476192,221.2319047619048,-59.69333333333332
127.62666666666664,198.10857142857145,-84.64380952380952
148.75714285714284,168.36999999999995,-107.92761904761905
166.46857142857144,135.42238095238093,-125.43571428571428
179.05521739130432,97.47608695652173,-140.15782608695653
187.78476190476192,56.89571428571427,-149.9238095238095
190.52142857142857,15.241428571428568,-155.6509523809524
188.73238095238096,-27.98952380952382,-156.97619047619048
180.97666666666663,-70.62,-151.4890476190476
169.1666666666667,-109.32761904761908,-141.83952380952385
152.04142857142855,-145.0261904761905,-128.56809523809522
131.35380952380947,-176.5709523809524,-109.89190476190474
107.63523809523812,-201.93952380952385,-88.62380952380954
81.60318181818182,-222.9277272727273,-65.55636363636363
52.87904761904761,-238.36333333333337,-38.301904761904765
23.360952380952376,-245.76619047619045,-10.67809523809524
-7.352857142857141,-247.0647619047619,18.26428571428572
-37.59272727272728,-241.61681818181813,47.729545454545466
-65.78428571428572,-228.11380952380955,76.94999999999999
-93.39916666666666,-207.7295833333333,103.82541666666668
-96.93545454545456,-225.94090909090912,45.336818181818174
-68.82523809523808,-238.46761904761905,17.049999999999997
-38.28217391304348,-244.87304347826085,-12.39217391304348
-8.486666666666666,-244.14571428571423,-41.20666666666667
20.31619047619048,-236.72380952380948,-68.67904761904762
48.17714285714286,-222.7028571428572,-93.99285714285716
74.03545454545453,-203.14727272727268,-117.55409090909092
97.61347826086956,-177.97695652173914,-138.49565217391304
118.83681818181816,-147.10000000000002,-157.9154545454545
135.99681818181818,-111.56181818181814,-172.88500000000002
148.00714285714284,-75.90999999999998,-182.3447619047619
156.54363636363635,-35.48272727272727,-187.8940909090909
160.09238095238095,11.195238095238096,-188.6104761904762
157.51095238095235,50.21142857142856,-184.08095238095245
150.71714285714287,91.30238095238096,-175.96714285714287
137.4680952380952,131.50428571428571,-160.3842857142857
121.79809523809524,164.18952380952382,-144.31047619047615
102.0495238095238,192.36,-123.26285714285714
77.33523809523808,217.32000000000005,-99.02714285714286
49.95863636363636,235.9677272727272,-70.24
22.655,247.9527272727273,-42.96318181818182
-8.60590909090909,252.1631818181818,-13.660454545454549
-40.2247619047619,250.452380952381,17.049523809523812
-70.72476190476192,240.10666666666663,46.136190476190485
-100.46391304347824,222.51391304347823,72.98739130434784
-128.19142857142856,197.9161904761904,98.5809523809524
-150.57818181818183,168.60590909090908,118.70272727272726
-169.81238095238095,133.70619047619047,136.5095238095238
-185.115,94.74772727272726,148.75954545454547
-194.2904761904762,54.787619047619046,156.09857142857143
-198.92238095238093,12.566666666666668,159.82333333333332
-198.55,-30.128095238095234,156.48809523809527
-192.85333333333327,-72.72476190476192,148.30333333333334
-181.3463636363637,-113.36363636363636,136.46863636363636
-164.81181818181815,-149.43681818181815,118.99045454545453
-143.17761904761903,-182.48380952380955,96.48952380952382
-188.4180952380952,-146.86714285714282,81.35714285714285
-204.83954545454543,-112.23818181818184,98.3331818181818
-213.7909523809524,-83.37380952380953,108.3809523809524
-221.15391304347827,-43.78043478260871,117.02869565217392
-223.7657142857143,-3.738571428571429,121.77857142857144
-221.5527272727273,38.25318181818182,122.29272727272728
-213.2669565217392,79.4678260869565,116.57652173913044
-200.4777272727273,117.81,106.4731818181818
-183.03272727272727,153.4922727272727,90.73727272727272
-162.30142857142852,184.25142857142856,72.84666666666665
-137.70047619047617,208.7104761904762,50.223333333333336
-109.8131818181818,229.0536363636364,23.377272727272725
-79.2072727272727,241.2659090909091,-5.372272727272727
-49.53666666666668,246.8838095238096,-34.42333333333334
-19.329565217391306,244.33130434782603,-63.03086956521738
10.45863636363636,234.81909090909087,-92.28590909090909
37.34190476190477,218.83666666666664,-118.44285714285716
61.90714285714286,196.5685714285714,-142.5147619047619
82.8595652173913,168.35608695652175,-165.75
100.25409090909088,136.735,-183.53227272727275
112.76045454545456,99.7522727272727,-197.49272727272728
121.15142857142855,60.732857142857135,-208.27571428571432
124.52285714285716,21.303809523809523,-214.5761904761905
122.72782608695653,-20.80086956521739,-214.8865217391305
115.37909090909092,-61.96772727272728,-209.94000000000003
104.08181818181816,-99.98136363636364,-201.07136363636363
87.66333333333334,-134.31238095238098,-187.0809523809524
68.21952380952382,-165.2657142857143,-170.7990476190476
45.89380952380952,-190.4761904761905,-150.6295238095238
20.62333333333333,-210.66428571428565,-127.04619047619047
-6.801428571428572,-226.04428571428568,-101.1904761904762
-35.46380952380952,-234.2047619047619,-74.92380952380951
-64.94761904761906,-235.47285714285707,-46.28238095238095
-93.92434782608696,-229.95304347826087,-17.99086956521739
-121.9761904761905,-218.15857142857143,9.335238095238095
-148.57285714285712,-198.9347619047618,36.23285714285714
-145.6840909090909,-202.94136363636363,-22.12863636363636
-119.56681818181818,-214.42181818181825,-47.80727272727272
-92.51863636363636,-219.5604545454545,-74.10227272727272
-65.175,-218.12818181818184,-99.1931818181818
-38.8747619047619,-211.0947619047619,-124.39523809523808
-13.688571428571423,-198.96809523809523,-148.4209523809524
10.30909090909091,-180.14181818181817,-171.1472727272727
31.56636363636364,-157.1659090909091,-189.63636363636363
49.99043478260869,-128.43391304347824,-206.26086956521743
65.91190476190475,-96.44238095238096,-219.1628571428571
76.10904761904762,-63.773809523809526,-227.16142857142853
83.46727272727273,-27.31681818181818,-232.58863636363628
86.25761904761903,15.491428571428568,-232.7590476190476
84.56260869565217,50.89869565217391,-228.9026086956522
77.52499999999999,88.31272727272727,-221.0809090909092
65.49428571428572,124.25,-207.8052380952381
50.90380952380952,153.97190476190477,-191.5566666666667
32.58636363636364,179.98772727272726,-172.7077272727273
10.963333333333331,202.4628571428572,-149.63000000000002
-15.031904761904766,218.912380952381,-124.97095238095233
-40.54863636363636,229.4086363636363,-99.74363636363638
-68.40571428571427,233.57333333333332,-72.46285714285713
-97.6795238095238,230.07238095238097,-44.31142857142857
-124.87857142857143,220.69142857142856,-17.304761904761904
-152.60363636363638,204.39545454545453,7.555909090909091
-177.1182608695652,181.52434782608697,29.84913043478261
-197.434761904762,154.80190476190475,49.47761904761904
-214.6747619047619,122.4828571428571,63.62238095238095
-228.2309523809524,86.94857142857144,74.88714285714286
-236.7618181818182,50.38772727272727,82.26954545454544
-240.6814285714285,11.561904761904762,82.85761904761905
-239.4572727272727,-27.03954545454545,81.77590909090912
-233.75333333333336,-66.19095238095238,72.67142857142856
-223.33954545454552,-102.67318181818182,60.78545454545456
-207.9142857142857,-135.30619047619044,45.60238095238096
-188.18391304347824,-165.4217391304348,25.025217391304345
-220.36,-123.59952380952384,3.738095238095238
-234.64190476190475,-94.14476190476188,19.355238095238093
-242.57666666666668,-70.09047619047618,27.78095238095237
-249.3460869565218,-36.20826086956522,35.66
-251.4757142857144,-1.9642857142857144,40.654285714285706
-249.8719047619048,33.063809523809525,40.20095238095238
-243.5630769230769,68.725,35.72884615384616
-233.40954545454545,101.75045454545452,27.883636363636366
-218.644761904762,132.08571428571426,14.015238095238098
-200.99714285714285,157.61619047619047,-1.4828571428571429
-179.9868181818182,179.21545454545455,-20.170454545454547
-156.86086956521737,196.4517391304348,-41.93826086956521
-131.36863636363634,208.185,-65.94590909090908
-105.0147619047619,212.66476190476183,-91.09857142857142
-80.03142857142855,211.3852380952381,-115.41428571428568
-54.654545454545456,203.4522727272727,-140.38090909090909
-31.05714285714286,190.2028571428572,-162.76
-10.764090909090909,171.51363636363638,-183.83772727272728
7.783333333333331,148.1704761904762,-203.4038095238095
22.444090909090907,121.3559090909091,-218.6172727272728
33.360476190476184,90.71,-231.2657142857143
40.56999999999999,57.479565217391325,-239.99565217391304
44.04695652173913,23.873478260869568,-245.2930434782608
42.59714285714286,-12.264285714285712,-244.5071428571429
36.71428571428572,-46.55571428571428,-241.78666666666663
27.66809523809524,-78.6642857142857,-234.8280952380952
14.027142857142852,-108.56142857142856,-223.18523809523808
-2.4428571428571426,-134.35904761904763,-209.0195238095238
-21.24476190476191,-155.82000000000002,-192.56904761904767
-42.14086956521739,-174.32130434782607,-173.67956521739129
-66.08095238095238,-186.7209523809524,-151.33952380952385
-89.47095238095237,-193.80857142857144,-127.95285714285716
-114.95318181818185,-195.62272727272727,-105.18590909090908
-140.1480952380952,-191.38857142857145,-80.79809523809524
-163.57318181818184,-182.11681818181825,-57.07318181818182
-186.4423809523809,-165.70666666666668,-33.87714285714284
-178.77952380952382,-153.2447619047619,-88.4314285714286
-159.22454545454542,-161.00500000000002,-108.77090909090909
-137.39333333333337,-165.03809523809522,-129.23285714285714
-116.9604761904762,-163.94,-149.13000000000002
-96.9004761904762,-158.34285714285716,-168.06761904761908
-76.98523809523807,-148.00714285714287,-186.93714285714285
-58.782272727272726,-133.61681818181816,-202.3486363636364
-42.96761904761905,-115.61238095238096,-217.6509523809523
-28.264545454545463,-93.505,-230.3572727272728
-16.940909090909088,-68.21954545454545,-239.48681818181825
-9.001304347826087,-43.609565217391314,-246.06739130434784
-3.4066666666666654,-14.973333333333333,-250.00190476190485
-0.9542857142857144,18.885714285714283,-250.7728571428572
-3.4233333333333333,45.24142857142857,-246.69904761904755
-9.043636363636365,73.50272727272727,-240.27318181818185
-18.45142857142857,102.16523809523812,-229.1895238095238
-29.79857142857142,124.7552380952381,-216.67571428571432
-44.33428571428571,143.96761904761908,-201.5961904761905
-61.74565217391305,161.35043478260872,-184.81869565217391
-80.98476190476188,174.18285714285716,-164.66190476190474
-101.87095238095236,180.7223809523809,-144.92666666666668
-123.32619047619048,184.55857142857147,-124.22619047619048
-145.97761904761907,181.46714285714285,-102.65476190476188
-167.21904761904764,173.577619047619,-82.39857142857143
-187.75375,160.45166666666668,-63.27291666666665
-206.68772727272733,142.5009090909091,-45.06636363636364
-222.4172727272728,121.43727272727271,-31.040000000000006
-235.08952380952377,96.66809523809526,-20.03095238095237
-245.4731818181818,68.89772727272725,-10.908636363636363
-251.67,40.36227272727272,-6.609545454545454
-254.1561904761905,10.171428571428567,-5.359047619047618
-253.4814285714286,-19.25238095238096,-7.585714285714286
-248.80333333333328,-49.73,-13.548571428571424
-240.0423809523809,-77.6952380952381,-23.35761904761905
-228.17136363636365,-102.8668181818182,-35.98863636363636
-212.3543478260869,-125.68434782608696,-51.82652173913044
-226.71521739130435,-83.60869565217394,-75.88608695652174
-236.40761904761905,-63.53380952380952,-64.47
-242.7413636363636,-45.98681818181819,-58.072272727272725
-247.4486363636364,-22.827272727272728,-51.88545454545454
-249.37238095238104,0.6861904761904762,-49.60238095238095
-248.704761904762,24.97714285714285,-49.20619047619047
-244.97761904761904,49.58476190476191,-51.63666666666667
-237.85666666666663,72.19,-56.68095238095238
-227.73761904761903,94.00571428571428,-66.31809523809524
-215.3614285714285,111.98523809523807,-76.13761904761907
-201.54826086956524,127.54130434782608,-89.28695652173914
-185.4252380952381,139.7766666666667,-104.20761904761903
-167.81095238095236,148.0595238095238,-121.62904761904764
-150.07454545454544,152.33363636363632,-137.71681818181818
-132.24043478260867,151.23999999999998,-154.66913043478257
-114.62999999999998,146.72285714285715,-171.79904761904763
-97.96380952380956,137.54952380952378,-188.144761904762
-83.20523809523809,125.1504761904762,-202.67761904761903
-71.02238095238096,109.22333333333331,-216.56333333333328
-60.802857142857135,90.54666666666664,-227.49809523809523
-52.67666666666667,68.94000000000001,-236.71809523809523
-46.66047619047619,46.64809523809523,-242.3038095238096
-44.91666666666666,23.657619047619043,-246.37333333333325
-45.46857142857142,-1.3828571428571426,-247.19761904761907
-49.32555555555558,-25.05148148148148,-245.7051851851852
-55.9204761904762,-47.468095238095245,-240.40857142857132
-64.85952380952382,-67.70857142857145,-232.23
-75.65476190476193,-86.27000000000001,-223.71952380952385
-88.6127272727273,-101.5840909090909,-211.39772727272728
-102.8404761904762,-113.74619047619048,-198.30619047619044
-118.99136363636366,-122.72999999999998,-183.46136363636367
-135.5152380952381,-128.11428571428573,-168.05523809523805
-153.30333333333334,-129.98714285714283,-151.50142857142853
-170.46636363636364,-127.45272727272726,-134.56545454545454
-186.86681818181816,-121.08909090909091,-118.165
-203.0717391304348,-110.47304347826083,-101.40913043478264
-190.52761904761903,-83.46619047619048,-142.9852380952381
-178.74545454545455,-87.69636363636364,-154.49090909090907
-166.1695652173913,-89.54130434782608,-167.1621739130435
-153.53476190476192,-88.32619047619048,-178.03714285714287
-142.85142857142853,-84.60761904761905,-189.36476190476188
-130.915,-78.71318181818181,-199.76454545454544
-120.89909090909092,-70.01227272727273,-209.2559090909092
-112.32857142857144,-59.412857142857135,-217.10571428571424
-103.71761904761904,-46.52619047619047,-224.4290476190476
-97.74238095238096,-31.58238095238095,-229.60285714285715
-92.97761904761904,-16.973809523809525,-233.3685714285714
-90.53136363636364,-1.054545454545455,-235.6572727272727
-89.17476190476194,18.10238095238095,-235.0490476190476
-90.7395238095238,33.952857142857155,-232.91
-94.16285714285716,49.93142857142857,-229.1833333333333
-99.81809523809524,66.34190476190477,-221.8838095238095
-106.72227272727272,79.49454545454546,-214.9659090909091
-115.66428571428573,90.8095238095238,-206.5709523809524
-125.48818181818184,100.58636363636364,-196.1677272727273
-137.41571428571427,107.38809523809525,-183.3385714285714
-149.26238095238097,111.25809523809522,-172.68333333333334
-162.3080952380952,111.92714285714284,-160.14428571428573
-175.51952380952383,110.64190476190478,-147.72904761904763
-187.36681818181816,105.36227272727272,-136.46181818181816
-199.41095238095235,96.95238095238096,-124.81952380952382
-210.02869565217387,86.49391304347823,-114.47565217391303
-218.5457142857143,73.86333333333334,-106.6252380952381
-226.23761904761903,59.41904761904762,-100.23142857142857
-231.84761904761905,42.7704761904762,-95.8252380952381
-235.24666666666664,25.745238095238093,-93.59904761904762
-236.12476190476187,8.649047619047618,-92.9647619047619
-235.7817391304348,-8.911304347826086,-94.26521739130436
-232.39625,-26.102499999999992,-98.0475
-227.02666666666664,-43.055238095238096,-105.08952380952375
-220.0180952380952,-57.297142857142845,-112.77
-210.04454545454547,-69.81863636363636,-121.4481818181818
-204.77047619047624,-31.08619047619048,-145.57666666666665
-209.3328571428572,-22.77619047619047,-140.33333333333331
-212.0880952380953,-15.653809523809525,-137.89761904761903
-215.07666666666665,-6.079523809523809,-134.87000000000003
-216.15238095238087,4.115238095238095,-132.48190476190476
-216.0123809523809,13.945714285714288,-132.33142857142855
-214.81590909090903,25.236363636363635,-133.7390909090909
-211.9661904761905,34.901428571428575,-135.41714285714284
-208.42363636363635,44.42227272727272,-138.50045454545457
-203.21761904761908,52.47904761904762,-143.03142857142856
-197.3819047619048,59.00761904761906,-148.5895238095238
-191.16285714285715,65.12190476190479,-153.94761904761904
-184.29666666666668,69.45142857142856,-160.5757142857143
-176.71714285714285,71.55523809523811,-168.20142857142852
-168.67190476190476,71.6147619047619,-175.23571428571432
-161.10952380952378,69.82380952380952,-183.41619047619048
-153.86047619047616,66.34714285714287,-190.82428571428568
-147.52571428571426,62.20904761904761,-196.3309523809524
-141.8152380952381,55.5595238095238,-202.93904761904764
-136.65476190476187,47.60714285714285,-206.65952380952388
-133.71833333333336,38.99625,-210.9583333333333
-131.09190476190474,29.49476190476189,-214.02523809523808
-129.57727272727274,19.592272727272725,-216.0859090909091
-129.9513043478261,9.728695652173911,-217.12086956521733
-130.98666666666668,-0.720952380952381,-215.93047619047616
-133.24695652173912,-9.722608695652172,-213.67
-136.43045454545455,-17.54409090909091,-211.81272727272727
-140.3052380952381,-26.006190476190472,-208.2109523809524
-146.03761904761905,-32.81285714285715,-203.1709523809524
-151.6685714285714,-38.53523809523809,-197.10285714285715
-158.2214285714286,-42.96952380952381,-191.9471428571429
-165.00285714285712,-45.527142857142856,-184.84952380952384
-172.56142857142856,-46.12380952380952,-178.0771428571429
-179.92090909090908,-46.264545454545456,-171.36454545454546
-187.1642857142857,-44.0852380952381,-163.69619047619048
-193.81333333333333,-39.45809523809523,-156.34809523809523
-178.7534782608696,-2.7069565217391305,-179.09826086956522
-176.67869565217393,-2.924347826086956,-181.1573913043478
-174.77000000000004,-2.7219047619047623,-182.78666666666663
-172.98454545454547,-2.475,-183.6927272727273
-171.28857142857146,-1.2261904761904765,-186.26761904761904
-170.17761904761906,-0.0580952380952381,-188.36
-168.85238095238094,1.9466666666666663,-188.90571428571425
-167.94476190476195,4.15,-189.8252380952381
-167.31190476190474,5.9295238095238085,-190.59857142857143
-165.9347619047619,8.178095238095239,-190.3009523809524
-166.07380952380953,10.410952380952384,-190.16761904761904
-165.8657142857143,13.026190476190475,-190.30714285714288
-165.98619047619044,15.497619047619049,-190.76666666666668
-167.39380952380952,17.57857142857143,-190.2714285714285
-168.11772727272725,19.902272727272727,-189.2027272727273
-168.76227272727272,22.438636363636363,-186.8168181818182
-170.68904761904764,23.20523809523809,-186.2142857142857
-171.6019047619048,25.36714285714285,-184.7033333333333
-173.8395238095238,26.379047619047626,-182.26857142857145
-175.7552173913044,27.12,-180.55347826086955
-178.20999999999998,27.500952380952384,-178.56619047619046
-180.5295238095238,26.553809523809523,-175.8747619047619
-182.75047619047612,25.50095238095238,-173.89857142857142
-184.2504761904762,23.786666666666665,-172.2057142857143
-185.4817391304348,21.845217391304345,-171.67304347826084
-187.22318181818184,19.553181818181816,-170.35
-187.6219047619048,17.427619047619046,-168.11523809523806
-188.4872727272727,15.215454545454543,-169.04136363636366
-189.11545454545453,12.045454545454549,-167.7018181818182
-189.0171428571429,9.010476190476192,-168.10714285714286
-188.7428571428571,6.9866666666666655,-168.84142857142857
-188.31869565217391,3.69217391304348,-170.0804347826087
-187.39523809523808,1.568095238095238,-170.24142857142857
-186.1561904761905,-0.9185714285714284,-170.9152380952381
-184.4140909090909,-2.929545454545455,-173.8168181818182
-182.2628571428572,-4.400952380952382,-175.32857142857142
-157.2263636363636,26.49590909090909,-196.9054545454545
-155.5454545454545,21.87772727272728,-197.8972727272727
-155.11478260869566,18.51217391304348,-198.9643478260869
-154.44652173913045,13.003478260869564,-199.0543478260869
-154.27380952380952,7.6952380952380945,-199.9514285714285
-155.88454545454542,2.7854545454545456,-199.34772727272727
-156.87095238095242,-2.18,-197.85857142857145
-159.39545454545456,-7.235909090909092,-196.4613636363636
-162.38904761904763,-10.783333333333337,-194.2542857142857
-164.6442857142857,-14.125238095238098,-190.76476190476188
-168.37476190476187,-16.68285714285714,-188.72619047619048
-172.52739130434782,-17.859130434782607,-183.8434782608696
-176.31130434782608,-18.566956521739133,-180.68
-179.55454545454546,-18.83136363636364,-176.7972727272727
-183.7436363636364,-17.144999999999996,-174.33318181818183
-187.0990476190476,-15.212857142857144,-169.89666666666668
-189.7033333333333,-13.131428571428572,-166.9690476190476
-192.6977272727273,-9.555,-164.2077272727273
-194.61,-5.638571428571427,-161.45857142857145
-196.4119047619048,-1.5633333333333337,-160.21476190476193
-197.58,3.120952380952381,-157.69095238095235
-198.11999999999995,8.25333333333333,-157.78380952380954
-198.7022727272727,13.299090909090909,-157.34863636363636
-197.8357142857143,19.18285714285714,-157.59857142857143
-196.41681818181817,24.84181818181818,-158.30227272727276
-194.53857142857143,29.47142857142857,-159.92476190476188
-192.22181818181812,33.58,-162.36
-189.09272727272727,37.41409090909092,-163.90090909090907
-185.66285714285715,40.64904761904762,-167.94
-182.36142857142863,42.59095238095239,-170.66047619047615
-178.98608695652177,43.896956521739135,-174.2582608695652
-174.7034782608696,44.15173913043479,-178.50434782608698
-171.2581818181818,43.68409090909091,-181.6136363636364
-167.75181818181818,42.44772727272727,-185.2759090909091
-164.4618181818182,40.2,-188.59318181818185
-161.4352380952381,37.02190476190477,-191.2204761904762
-144.32285714285717,81.36761904761906,-191.80761904761903
-152.2486363636364,85.76045454545452,-183.11136363636365
-161.58818181818177,88.24000000000001,-174.57681818181817
-170.89857142857142,88.26285714285714,-165.72000000000003
-179.54285714285714,86.77476190476189,-157.78523809523807
-188.4540909090909,82.60318181818181,-148.99318181818182
-196.52772727272725,77.10954545454545,-141.87818181818184
-204.2933333333333,69.61000000000001,-134.49809523809526
-211.2919047619048,60.203809523809525,-128.17857142857144
-216.9290909090909,49.23863636363637,-123.38045454545455
-220.61047619047616,38.36095238095239,-120.48952380952382
-223.887619047619,25.797619047619047,-117.35047619047616
-225.1557142857143,10.806190476190476,-117.69333333333331
-224.68523809523808,-1.7742857142857145,-119.24523809523804
-222.5509523809524,-13.888095238095234,-121.64571428571428
-218.9123809523809,-26.25238095238095,-125.23238095238094
-213.8380952380953,-36.78285714285715,-130.63904761904763
-208.495,-46.45909090909091,-136.5572727272727
-201.18818181818185,-53.94909090909091,-143.75999999999996
-193.49227272727268,-59.88227272727274,-151.58909090909086
-184.7733333333333,-64.26714285714286,-160.34285714285718
-175.16476190476192,-66.23761904761905,-169.22333333333333
-165.62217391304347,-65.55695652173912,-178.2965217391304
-156.24476190476193,-63.261428571428574,-187.80809523809523
-146.75095238095238,-58.797142857142845,-196.4061904761905
-137.6840909090909,-51.65272727272727,-204.32318181818184
-130.48714285714283,-42.92714285714286,-210.92619047619047
-124.15173913043478,-32.63478260869566,-217.00434782608696
-119.72761904761906,-20.97238095238096,-221.5457142857143
-115.95,-8.585238095238093,-224.28333333333333
-114.35714285714286,4.881904761904762,-223.9233333333333
-114.46714285714286,18.25333333333333,-224.65666666666667
-115.68190476190476,31.13952380952381,-222.89380952380955
-118.93545454545456,44.03454545454545,-219.3836363636364
-123.51227272727274,55.50863636363636,-214.24954545454543
-129.8709523809524,65.73666666666665,-207.5485714285715
-79.83380952380952,88.51809523809524,-222.3823809523809
-73.60863636363636,73.34636363636363,-230.4690909090909
-66.81090909090909,54.83181818181818,-236.9327272727273
-63.75909090909092,33.440909090909095,-241.82136363636369
-62.40095238095238,12.108571428571429,-244.1814285714285
-63.7842857142857,-9.985714285714286,-243.19904761904763
-68.33136363636363,-31.87772727272728,-240.01772727272729
-75.0204761904762,-51.06095238095237,-234.1304761904761
-84.83761904761904,-70.0442857142857,-226.0685714285714
-96.0757142857143,-85.79619047619046,-215.5295238095238
-109.00857142857144,-98.97619047619048,-203.1180952380952
-123.97238095238096,-108.35714285714285,-189.5519047619048
-140.40173913043478,-114.69173913043478,-174.44304347826088
-155.59285714285716,-116.96619047619048,-158.97
-171.41,-115.36285714285714,-143.8852380952381
-186.76809523809524,-109.46666666666668,-128.25428571428571
-200.91047619047612,-100.84761904761906,-114.14142857142856
-213.4438095238096,-89.29714285714283,-102.3995238095238
-224.2019047619048,-73.84142857142855,-90.23809523809524
-233.2761904761905,-57.44238095238095,-81.22999999999999
-239.9961904761905,-38.17904761904763,-73.5842857142857
-244.50761904761904,-17.07285714285715,-68.64952380952383
-245.5252380952381,3.4285714285714284,-66.70238095238095
-244.3038095238096,26.669523809523813,-65.71476190476191
-240.58954545454552,48.284545454545466,-67.04409090909091
-234.2757142857143,68.88809523809523,-72.21238095238095
-225.425,87.40136363636363,-80.13318181818181
-214.674347826087,103.20739130434782,-89.7217391304348
-202.28636363636363,116.89863636363634,-100.38545454545452
-189.0427272727273,127.81863636363636,-112.265
-174.11380952380955,135.39285714285714,-126.67523809523811
-159.95285714285714,139.12571428571428,-140.57761904761904
-143.78391304347824,139.3513043478261,-156.22304347826085
-128.54,136.17499999999998,-169.97181818181824
-113.7414285714286,129.69095238095238,-185.0814285714286
-99.91238095238094,119.67476190476192,-199.2766666666668
-84.21142857142857,162.02761904761903,-174.34047619047618
-102.94909090909094,170.53181818181818,-156.3881818181818
-122.48999999999998,174.6769565217391,-137.57260869565218
-142.37954545454545,173.97272727272727,-118.3586363636364
-161.66809523809525,169.21285714285716,-100.36476190476188
-180.16333333333336,160.31285714285715,-82.76380952380953
-197.3595238095238,147.24095238095236,-66.65666666666664
-212.69285714285715,130.4933333333333,-53.18809523809525
-227.18409090909088,109.1531818181818,-39.766818181818174
-238.5776190476191,85.64142857142856,-29.98190476190477
-246.1843478260869,62.001304347826085,-23.746086956521733
-251.52913043478264,34.68391304347825,-20.04608695652174
-254.10285714285715,3.842857142857144,-19.17095238095238
-252.64428571428576,-21.96761904761905,-22.240952380952383
-247.95772727272723,-49.350000000000016,-28.709090909090904
-239.47285714285715,-74.42714285714285,-37.91142857142857
-228.11952380952377,-97.1557142857143,-50.03095238095237
-214.83190476190472,-116.07809523809524,-62.25619047619048
-199.59041666666667,-132.09625,-78.87875
-181.4257142857143,-144.9609523809524,-96.88333333333334
-163.24809523809523,-152.6985714285714,-114.6309523809524
-143.2890909090909,-156.42136363636362,-134.77045454545456
-121.46619047619043,-154.82000000000002,-154.98333333333335
-101.56285714285715,-148.3157142857143,-174.04857142857148
-81.50380952380952,-136.28761904761905,-192.59047619047612
-63.198095238095256,-120.57095238095238,-209.8557142857143
-47.60142857142857,-101.28904761904762,-223.3080952380952
-34.82380952380952,-78.15904761904761,-235.41476190476192
-25.176190476190484,-52.60095238095239,-243.6361904761904
-18.870454545454542,-25.23,-249.28454545454545
-15.07952380952381,2.6395238095238094,-250.2614285714286
-16.387142857142855,31.563333333333336,-249.03523809523813
-20.02,59.92476190476189,-243.66952380952372
-27.63136363636364,86.46454545454547,-235.07318181818184
-38.83954545454546,111.1231818181818,-222.8790909090909
-52.31000000000001,132.38857142857145,-207.7285714285714
-1.3299999999999998,131.89285714285714,-214.5638095238096
9.462380952380952,109.70000000000002,-225.6204761904762
19.496666666666663,80.13571428571429,-236.96714285714287
25.928181818181823,48.0909090909091,-243.8909090909091
28.48285714285715,14.940476190476184,-247.47761904761904
25.87909090909092,-18.55454545454546,-247.7254545454545
19.76333333333333,-52.46095238095239,-243.16428571428565
9.167142857142858,-83.34571428571428,-234.6247619047619
-4.940952380952382,-112.7295238095238,-222.68523809523816
-21.829999999999995,-136.93043478260867,-206.72956521739133
-41.968095238095245,-157.7385714285714,-188.89523809523808
-65.07428571428572,-173.26333333333332,-168.0038095238095
-89.0913043478261,-182.7926086956521,-144.3608695652174
-113.57238095238095,-186.64523809523808,-121.12857142857142
-137.7222727272727,-184.4654545454545,-97.67818181818184
-161.3995238095238,-177.43190476190478,-74.05523809523808
-183.3219047619048,-163.69619047619048,-52.38047619047619
-202.38142857142853,-146.44952380952384,-32.91333333333333
-219.94666666666663,-123.40142857142855,-14.474285714285712
-233.6414285714285,-98.48238095238098,-1.156190476190476
-244.09090909090912,-68.75454545454545,11.164090909090907
-250.88904761904763,-37.085714285714296,19.97380952380952
-253.85952380952384,-4.161904761904762,23.664761904761903
-252.03952380952384,29.686666666666664,25.662857142857145
-245.92,63.46,22.13
-237.22565217391312,93.95695652173914,14.059565217391302
-224.13904761904763,122.63904761904762,3.33
-208.00857142857143,147.40857142857143,-10.696666666666667
-190.10227272727272,168.3618181818182,-26.78363636363636
-169.5395238095238,185.22714285714284,-45.07857142857142
-147.12952380952382,197.3580952380952,-66.61571428571429
-124.33142857142856,204.14238095238093,-88.21666666666667
-99.56809523809522,205.24666666666664,-110.83476190476188
-76.45363636363635,200.5331818181818,-134.20590909090913
-53.62772727272727,191.13500000000005,-156.46636363636367
-32.51095238095239,175.6585714285714,-178.4609523809524
-19.921904761904763,211.5252380952381,-135.99714285714288
-45.23863636363637,222.46318181818185,-111.71045454545455
-72.03217391304348,227.42695652173907,-86.29347826086955
-99.38695652173914,226.43,-59.99913043478261
-123.70428571428576,219.5814285714286,-36.12666666666667
-148.7268181818182,206.6709090909092,-12.784090909090908
-171.60909090909092,188.72636363636363,9.078181818181818
-191.8990909090909,166.18863636363636,27.299545454545456
-210.6154545454545,138.14999999999998,43.11272727272727
-226.1266666666667,106.56238095238096,55.13
-235.85666666666663,75.07285714285715,64.37095238095237
-242.97,38.60136363636365,68.81909090909092
-245.1223809523809,-2.849047619047619,69.30714285714284
-243.33045454545456,-37.73090909090909,65.20727272727272
-236.16045454545457,-73.34727272727271,57.006818181818176
-225.0752380952381,-106.80523809523808,44.47428571428571
-210.5419047619048,-136.96190476190472,28.38952380952381
-192.9747619047619,-161.62714285714287,10.334285714285716
-171.49142857142857,-182.9833333333333,-10.787619047619048
-147.2761904761905,-199.73571428571427,-35.31047619047619
-122.11666666666666,-209.96761904761905,-59.285238095238086
-95.09285714285711,-214.1752380952381,-86.17095238095237
-66.85086956521738,-211.61739130434785,-113.41956521739132
-39.57695652173911,-202.5878260869565,-139.38826086956522
-13.384782608695652,-186.5926086956522,-163.2769565217391
10.637272727272729,-164.24545454545455,-186.05681818181824
30.944090909090907,-138.25,-204.595
48.01818181818182,-106.50045454545456,-218.645
61.12318181818182,-72.30999999999999,-229.61363636363632
69.38857142857142,-36.18476190476191,-235.8380952380953
72.98523809523809,1.9009523809523807,-239.4028571428572
72.38047619047617,40.81761904761905,-235.75809523809525
65.83666666666667,77.70619047619047,-229.0147619047619
55.69999999999999,113.91571428571427,-216.1638095238096
40.8352380952381,145.69333333333336,-200.47476190476183
21.52652173913043,173.84869565217392,-181.04130434782613
76.24857142857142,158.79,-178.42571428571432
89.17227272727273,132.91227272727272,-191.73318181818183
102.29476190476193,96.93,-205.82142857142856
110.43333333333332,57.12952380952381,-215.00142857142856
113.87523809523807,17.445238095238096,-219.84333333333333
111.41523809523812,-24.41428571428572,-220.47476190476183
104.50272727272728,-64.9818181818182,-215.6486363636363
92.44809523809523,-103.23047619047622,-204.8342857142857
75.31695652173914,-138.94347826086957,-190.34217391304347
54.35095238095239,-169.36952380952386,-172.08380952380955
30.331428571428567,-193.9171428571429,-150.05904761904762
3.003478260869565,-214.15391304347827,-124.86217391304348
-27.018571428571427,-226.60333333333327,-95.91857142857144
-56.51909090909091,-232.29454545454547,-68.61954545454545
-86.43636363636362,-230.4686363636364,-39.72954545454545
-115.39869565217394,-221.4260869565217,-11.515652173913043
-141.8580952380952,-205.5138095238096,14.782380952380956
-165.7090909090909,-184.7204545454545,40.3609090909091
-186.62416666666664,-157.21041666666665,61.71166666666667
-203.8223809523809,-126.8090476190476,79.9452380952381
-217.15809523809523,-90.82619047619048,94.84333333333332
-225.19636363636363,-52.76227272727272,105.3018181818182
-229.42238095238105,-13.53285714285714,110.3804761904762
-227.93318181818185,28.50272727272728,112.40045454545456
-221.3422727272728,69.25772727272728,108.12000000000002
-210.0080952380952,106.2590476190476,99.30238095238094
-194.64727272727268,141.345,86.7759090909091
-176.13045454545457,172.09636363636363,70.64045454545455
-153.60454545454547,197.4886363636364,50.503181818181815
-128.66857142857145,218.5228571428572,28.29714285714286
-101.58333333333336,233.78,2.7816666666666663
-74.09095238095239,241.9433333333333,-23.572857142857146
-44.82818181818182,244.2190909090909,-51.346818181818186
-15.887142857142855,239.18761904761905,-79.32857142857142
11.288095238095238,228.2414285714286,-105.92857142857144
37.99958333333334,210.03708333333336,-132.70208333333332
43.3809523809524,234.93380952380951,-80.03238095238095
15.510000000000002,245.8909523809524,-51.21714285714287
-14.563478260869564,251.64,-23.193043478260872
-44.26476190476191,249.46619047619043,6.805714285714286
-72.55363636363637,241.30590909090907,33.06954545454545
-100.74434782608697,226.94434782608693,58.16391304347827
-126.34909090909088,206.2213636363637,82.165
-149.2404761904762,180.4542857142857,103.38619047619046
-169.40090909090912,148.76545454545456,121.11727272727272
-185.87857142857143,113.09571428571428,135.29952380952383
-197.0691304347826,77.41391304347826,144.2821739130435
-204.84047619047612,37.389523809523816,148.1538095238095
-206.81761904761905,-5.359047619047619,149.33904761904765
-204.5195238095238,-48.46761904761906,143.0142857142857
-196.67952380952383,-88.02523809523812,133.87571428571428
-183.62,-125.95,119.83565217391303
-166.1095238095238,-160.48761904761906,101.63761904761904
-146.53190476190474,-187.1680952380952,81.53095238095239
-122.01285714285716,-210.94285714285715,56.53000000000001
-94.7209090909091,-228.9040909090909,28.79227272727273
-66.31285714285715,-239.44285714285715,1.1104761904761904
-35.08047619047619,-243.6814285714285,-28.650952380952383
-3.345,-240.60727272727271,-58.07272727272727
26.2404347826087,-229.73130434782607,-87.28
55.93,-210.8152380952381,-114.84000000000002
82.62285714285713,-185.6,-139.15333333333334
104.54476190476193,-155.83714285714288,-159.55238095238093
123.05238095238094,-120.51285714285714,-175.77
138.25857142857143,-81.14190476190477,-187.83714285714285
146.84521739130437,-40.967826086956514,-194.77652173913043
150.7552380952381,2.179047619047619,-196.81761904761905
149.18,45.08363636363635,-192.91590909090908
142.6590476190476,87.26809523809524,-184.36666666666665
129.71380952380952,127.13285714285712,-171.37952380952382
112.82090909090913,163.24090909090913,-152.25545454545454
90.97190476190475,194.40571428571425,-129.1033333333333
142.28190476190477,166.1257142857143,-119.84523809523812
156.2552380952381,139.56666666666666,-134.5152380952381
170.16666666666666,101.4404761904762,-150.03666666666666
179.10666666666668,60.39619047619048,-160.3995238095238
182.4142857142857,18.943809523809524,-166.02190476190475
180.9842857142857,-25.47190476190476,-165.71333333333334
173.46190476190475,-68.20238095238093,-161.06380952380954
161.45761904761906,-108.7242857142857,-151.05142857142857
143.18285714285716,-145.8909523809524,-135.87047619047618
121.91499999999998,-178.76136363636363,-116.78227272727273
97.27954545454546,-205.7327272727273,-94.32636363636362
68.66454545454546,-226.42818181818183,-68.57590909090908
36.39954545454545,-240.3622727272728,-40.799090909090914
4.557619047619047,-246.5928571428572,-13.293333333333331
-27.02428571428572,-245.9661904761905,16.22952380952381
-56.94904761904761,-237.6761904761905,48.369047619047606
-84.98476190476191,-222.47476190476192,75.92809523809524
-109.8627272727273,-200.57818181818183,103.81
-132.98999999999998,-172.32409090909093,126.56909090909092
-151.8609090909091,-140.29772727272726,146.34000000000003
-165.83571428571426,-103.01,162.6566666666667
-174.16047619047615,-62.66904761904762,173.9038095238095
-178.71636363636364,-21.323636363636364,181.08454545454543
-176.79238095238097,22.83333333333333,182.7909523809524
-169.81190476190474,66.18,179.11142857142858
-158.68523809523813,105.74761904761904,170.49238095238093
-143.02095238095237,141.6761904761905,157.90095238095236
-123.2368181818182,174.23181818181817,140.5868181818182
-100.44,201.9204761904762,120.0885714285714
-74.36333333333333,223.7033333333333,97.48190476190476
-46.23571428571428,240.27523809523817,70.70380952380953
-17.52666666666667,249.4180952380952,43.54428571428572
13.554999999999996,251.95318181818172,13.182727272727275
43.755833333333335,247.79291666666663,-15.940833333333336
73.05666666666669,236.3219047619048,-44.17761904761905
100.48045454545452,217.4577272727273,-72.19999999999999
100.94619047619048,229.3704761904762,-15.089999999999996
72.51958333333333,240.53875,13.625416666666666
42.99045454545456,245.30090909090907,41.63681818181818
13.817142857142857,243.0657142857144,70.61571428571428
-14.230000000000002,234.60761904761893,96.92380952380954
-41.927619047619054,219.3080952380952,121.50619047619044
-66.71952380952382,198.53333333333333,145.18857142857144
-89.09476190476191,173.54285714285714,165.34761904761905
-109.03714285714284,141.45047619047622,183.6114285714285
-125.0409523809524,105.91095238095237,196.4457142857143
-135.78333333333336,71.45142857142856,204.74666666666667
-143.0336363636364,30.352272727272723,209.66636363636363
-145.08304347826086,-14.935217391304349,209.5047826086956
-141.81571428571428,-53.87285714285715,203.742380952381
-132.98409090909092,-92.13,195.1909090909091
-120.11666666666667,-127.70857142857146,181.90809523809529
-102.15619047619047,-160.72571428571425,165.06952380952382
-82.41,-187.3128571428571,145.2980952380952
-58.44409090909092,-210.00681818181823,121.47727272727272
-31.233913043478264,-226.92913043478265,97.18434782608696
-2.9308000000000005,-237.6672,70.3132
27.280000000000005,-242.0719047619048,42.67380952380953
57.94590909090908,-239.31954545454545,13.521818181818183
88.39047619047619,-229.0214285714286,-13.845238095238097
117.9191304347826,-211.99826086956529,-39.912608695652175
144.56047619047615,-188.0290476190476,-63.370476190476175
166.7657142857143,-159.31999999999996,-83.11904761904762
186.1919047619048,-125.26714285714282,-100.12666666666668
200.69571428571427,-88.11190476190475,-111.2595238095238
209.76227272727272,-48.49545454545455,-118.37999999999998
214.3386363636364,-7.01409090909091,-120.86681818181816
214.3033333333333,34.25,-118.51380952380951
207.9140909090909,76.30363636363637,-110.12999999999998
196.51666666666665,115.4785714285714,-97.71333333333334
180.61238095238096,149.79238095238094,-81.17761904761905
159.49999999999997,182.4552380952381,-59.3552380952381
189.90041666666664,153.55541666666664,-45.74208333333333
202.75285714285715,129.36,-60.17476190476189
215.46047619047616,94.48095238095236,-74.78857142857143
224.95809523809524,55.82190476190476,-85.51952380952382
228.0278260869565,16.999565217391304,-91.19695652173912
227.0004545454545,-22.529090909090904,-92.34636363636362
220.69666666666663,-62.55238095238096,-88.53476190476192
209.3845454545455,-99.96454545454549,-79.79090909090907
193.07619047619045,-135.29428571428576,-65.41761904761906
173.1952380952381,-166.89333333333332,-47.31142857142857
150.0595238095238,-192.42380952380955,-26.94857142857144
123.22666666666667,-212.2109523809524,-3.51
94.96380952380952,-225.99761904761905,24.50142857142857
66.42380952380952,-231.9338095238096,51.25333333333335
37.17952380952381,-231.24142857142857,80.4495238095238
8.504285714285711,-223.73809523809527,107.2942857142857
-17.79238095238095,-209.47333333333336,133.22523809523807
-41.46952380952381,-189.87761904761905,157.93047619047618
-62.53363636363636,-164.43409090909088,180.21454545454543
-79.36333333333333,-134.51523809523812,196.88666666666663
-93.45545454545454,-99.9490909090909,213.0459090909091
-101.81809523809522,-63.22095238095238,223.24380952380952
-105.70590909090906,-25.37954545454545,229.825
-105.48,15.579047619047625,230.7590476190476
-99.3804347826087,55.186521739130434,227.5752173913044
-90.05809523809523,91.54714285714286,221.1109523809524
-75.41,126.60285714285712,209.4142857142857
-57.36869565217389,156.48913043478257,192.9073913043478
-36.11045454545454,181.6740909090909,175.06545454545451
-12.58,202.7885714285714,153.16238095238094
13.72772727272727,218.0286363636364,128.51181818181817
40.21904761904761,227.5919047619048,102.96904761904764
68.77090909090907,230.06272727272724,75.87636363636365
96.82260869565218,226.78521739130431,48.40347826086956
124.0519047619048,216.7895238095238,22.1247619047619
150.3181818181818,199.3022727272728,-3.734545454545454
144.30869565217392,197.47260869565216,51.4304347826087
120.52952380952382,207.18857142857144,75.18333333333335
94.2547619047619,210.12761904761905,100.83476190476192
67.64318181818182,208.13636363636363,124.87772727272728
44.52095238095237,200.2590476190476,147.9961904761905
20.71318181818182,187.06318181818185,170.90363636363637
-0.9004761904761903,168.34,189.94
-20.30909090909091,145.5090909090909,207.9909090909092
-37.12095238095238,118.0352380952381,223.20809523809524
-50.28238095238095,86.48380952380951,234.0666666666667
-59.91363636363638,56.19454545454544,240.9836363636364
-65.36863636363637,20.280454545454543,244.12454545454543
-66.76619047619047,-18.63142857142857,244.28523809523807
-64.15190476190476,-51.87476190476191,240.04857142857145
-57.357272727272736,-85.91636363636364,231.04090909090905
-45.6595238095238,-118.45476190476192,218.0471428571429
-29.779545454545453,-147.07909090909095,201.68772727272724
-12.169130434782607,-169.75173913043477,183.05217391304348
8.957619047619048,-189.56523809523813,163.26047619047617
32.97681818181818,-204.09590909090903,137.85681818181817
57.413809523809526,-212.7795238095238,114.15428571428572
84.16863636363634,-215.1490909090909,87.98136363636364
111.53318181818182,-211.63545454545456,62.51181818181817
137.62772727272727,-200.4954545454545,36.88045454545456
162.3409523809524,-183.26761904761904,14.188571428571429
184.7609523809524,-160.53857142857146,-6.288571428571428
203.7057142857143,-134.74333333333334,-23.32714285714286
219.2733333333333,-103.33,-36.27904761904762
231.2585714285714,-69.45285714285716,-46.04238095238095
237.75954545454545,-34.07454545454545,-51.13590909090909
241.08791666666664,2.27375,-52.67958333333334
238.2809090909091,38.93545454545455,-48.495909090909095
231.48619047619044,75.20142857142858,-39.78285714285714
220.7086363636364,109.6631818181818,-28.25909090909091
205.56500000000003,139.21045454545452,-11.946818181818184
186.0458333333333,165.75666666666666,7.904583333333332
212.9442857142857,125.08666666666666,27.011904761904766
223.80909090909088,105.64590909090909,15.292272727272724
235.2572727272727,76.93727272727273,4.316818181818181
242.2757142857143,46.13619047619047,-5.23
245.15238095238087,14.473809523809525,-9.972857142857142
244.82238095238088,-18.317142857142866,-10.335238095238095
240.4261904761905,-51.27666666666666,-7.434285714285714
231.41000000000005,-81.37476190476193,-0.8204761904761904
219.3723809523809,-110.28142857142856,9.553333333333333
203.0780952380952,-135.63809523809522,23.32666666666666
184.9080952380952,-157.31285714285715,39.568571428571424
163.30761904761903,-173.9909523809524,60.30857142857144
140.45791666666668,-185.41,82.16375000000001
116.79285714285714,-190.44142857142856,103.10809523809525
93.56636363636366,-191.245,126.115
69.20285714285714,-185.46523809523808,149.77380952380952
48.213750000000005,-174.55625,170.81208333333333
28.12136363636364,-158.62954545454548,191.0727272727273
11.120476190476191,-138.33380952380952,209.1361904761905
-3.04047619047619,-114.06619047619049,222.7542857142857
-14.845714285714289,-86.44952380952382,235.51428571428573
-22.042857142857148,-56.9904761904762,245.72000000000003
-26.472857142857144,-26.477619047619047,249.88904761904763
-25.345909090909096,6.392272727272727,253.07863636363635
-21.45047619047619,38.41,249.4247619047619
-13.339090909090908,68.28727272727271,244.41227272727272
-2.29,96.46476190476191,235.0495238095238
12.414347826086958,120.85,222.74173913043475
28.61761904761905,141.74666666666664,208.5133333333333
47.72333333333333,159.35952380952384,190.7257142857144
68.93045454545455,172.63954545454544,170.90909090909088
90.89818181818184,180.59727272727272,150.76727272727274
113.4904761904762,183.5304761904761,129.53333333333336
136.7731818181818,181.04136363636363,107.06090909090904
159.48857142857145,173.60761904761907,84.6004761904762
180.26,159.7526086956522,63.332608695652176
170.61333333333332,145.70523809523812,110.80333333333331
151.65142857142857,151.98904761904765,128.37619047619043
131.89999999999998,154.3657142857143,146.6814285714286
113.07761904761904,152.09285714285716,165.21333333333334
95.3809090909091,145.54636363636362,182.5390909090909
77.99047619047617,135.05095238095242,198.6442857142857
61.58761904761906,120.4533333333333,212.7109523809524
47.50904761904763,103.68380952380951,226.3819047619048
34.934999999999995,81.97545454545455,235.9509090909092
25.402857142857133,58.43714285714288,244.7804761904761
18.61380952380952,35.41714285714285,250.37857142857132
15.163181818181815,9.222272727272724,251.75318181818184
14.609090909090908,-20.37954545454545,250.98772727272728
16.79952380952381,-45.47999999999998,247.93666666666664
23.17318181818182,-69.94545454545454,240.22863636363644
31.639545454545463,-94.21090909090908,231.32227272727275
43.499523809523815,-114.5957142857143,218.6042857142857
57.44952380952381,-132.03952380952384,203.85761904761907
73.60904761904762,-146.71666666666664,187.28523809523807
92.12238095238096,-156.59285714285713,169.7595238095238
110.40333333333332,-162.28428571428572,151.67523809523811
130.53772727272727,-163.69681818181817,132.25181818181815
150.85476190476194,-159.4990476190476,113.00904761904764
169.94913043478255,-150.8626086956522,94.69521739130434
188.5452380952381,-137.92809523809524,77.06714285714285
205.6657142857143,-120.51904761904764,61.71571428571429
218.9704761904762,-100.27190476190476,49.86857142857144
230.17857142857144,-76.69571428571427,40.88190476190477
237.5833333333333,-51.037619047619046,33.6052380952381
243.1427272727273,-24.61318181818182,30.33954545454545
244.192380952381,3.132857142857143,29.32619047619048
242.6233333333333,30.36,32.90571428571428
237.1352173913044,56.74652173913044,39.85869565217392
228.0452380952381,82.7347619047619,49.68285714285715
216.48952380952383,104.4690476190476,62.90666666666667
201.5214285714286,124.01857142857143,78.09571428571428
212.1854545454545,84.21227272727273,97.90181818181816
220.97142857142856,69.30619047619048,87.67476190476192
227.294761904762,52.607619047619046,81.74
233.26500000000004,32.29363636363637,75.62227272727274
235.97952380952376,11.764285714285714,71.99904761904762
235.8333333333333,-10.172380952380951,70.82333333333334
233.20571428571432,-32.24285714285715,71.72571428571429
228.2831818181818,-52.92909090909091,75.87227272727273
220.66409090909093,-72.37090909090908,82.43
210.47652173913045,-89.9291304347826,91.25565217391303
199.18833333333336,-104.43625,101.80166666666668
184.6052380952381,-116.51809523809524,114.45523809523807
169.10136363636363,-125.45000000000005,129.21227272727273
153.70380952380953,-129.76095238095238,143.15857142857143
137.8808695652174,-131.2626086956522,159.48782608695657
122.44708333333334,-128.10291666666666,174.28166666666664
107.54380952380951,-121.2057142857143,188.774761904762
94.12809523809524,-110.9795238095238,201.57761904761907
82.21608695652175,-98.44652173913045,215.19434782608693
72.46952380952382,-82.60714285714286,224.9290476190476
64.4590476190476,-64.94095238095237,233.5261904761905
58.80285714285713,-45.31809523809523,240.1880952380953
56.134999999999984,-25.37363636363636,244.2068181818182
55.67047619047619,-3.331428571428571,246.3790476190476
57.88869565217392,17.88608695652174,243.7378260869565
63.406666666666666,37.96904761904763,241.1523809523809
69.11909090909093,56.61909090909091,236.2
78.06142857142856,73.70761904761905,228.3176190476192
89.13739130434782,87.98652173913045,218.4534782608696
101.36272727272726,100.15863636363636,207.0986363636364
115.2742857142857,109.57095238095242,194.6728571428572
129.32523809523812,114.92,181.5709523809524
145.08952380952385,117.98380952380953,166.43999999999997
160.70761904761903,117.28,152.63380952380953
175.14954545454546,112.79818181818185,137.89
189.6861904761905,104.41666666666669,122.40857142857142
176.5614285714286,79.55380952380952,157.47666666666663
165.59095238095242,82.39714285714285,167.8814285714286
154.8957142857143,82.18857142857141,179.04714285714286
144.3813043478261,80.09478260869565,188.328695652174
134.42857142857142,75.95095238095237,197.73571428571427
124.34904761904764,69.39952380952381,206.2519047619048
116.36761904761904,60.20857142857141,214.3852380952381
109.11428571428574,50.280476190476186,220.80761904761903
102.3652380952381,37.85238095238096,225.93523809523808
97.9752380952381,24.29809523809524,231.19
94.20454545454544,10.692727272727272,232.44954545454544
93.31208333333332,-3.829166666666667,233.8858333333333
93.61260869565216,-20.178695652173914,231.9978260869565
95.61954545454546,-33.99636363636363,229.7754545454545
99.53000000000002,-47.6604347826087,224.77347826086955
105.07285714285712,-60.61095238095238,218.4138095238096
111.99047619047616,-71.89904761904761,210.6642857142858
120.50545454545455,-80.94363636363637,202.52954545454543
130.00904761904764,-87.74571428571429,194.31761904761905
141.25086956521736,-92.96521739130434,183.0213043478261
151.45590909090907,-94.9659090909091,172.0740909090909
163.26863636363635,-94.56045454545452,160.84681818181818
174.0222727272727,-91.61909090909091,149.63545454545454
184.6409523809524,-85.3452380952381,140.25428571428571
195.37,-76.88142857142857,131.7019047619048
203.5723809523809,-66.09809523809525,123.02809523809522
210.37681818181812,-53.85045454545455,116.62181818181816
215.8309090909092,-40.045,112.79318181818184
220.1922727272727,-26.122727272727275,109.29136363636366
222.27238095238096,-11.294761904761904,108.46761904761904
221.86565217391305,4.479565217391303,108.21869565217388
220.4008695652174,19.7595652173913,110.84478260869564
216.3904761904762,34.34190476190476,116.0190476190476
210.6486363636364,48.1118181818182,121.9540909090909
203.46761904761908,59.5052380952381,129.58619047619044
194.5571428571428,69.66666666666667,139.14904761904765
189.9242857142857,37.98714285714287,156.0233333333333
194.46347826086952,31.297826086956523,151.05478260869566
198.1313636363636,25.60136363636364,147.14636363636365
201.9504761904761,17.206190476190475,144.78047619047624
203.6023809523809,8.969047619047618,142.30476190476193
204.84,-0.5109523809523809,139.88095238095235
204.27714285714285,-10.717142857142854,139.67666666666668
203.00904761904764,-20.20571428571429,141.2709523809524
200.44523809523807,-29.23428571428571,142.7457142857143
197.07090909090903,-37.48181818181819,145.68545454545458
192.34857142857143,-45.44523809523808,149.6290476190476
186.77428571428567,-51.36857142857143,155.0295238095238
180.2161904761905,-56.18714285714286,160.23190476190476
173.5109090909091,-59.70363636363638,166.70954545454543
166.44863636363638,-61.08454545454544,173.75045454545457
159.80478260869566,-61.847391304347816,180.1434782608696
153.04190476190473,-59.43619047619048,187.8014285714285
146.58380952380952,-56.57619047619048,193.2838095238096
140.1819047619048,-51.456190476190486,198.95809523809524
135.86954545454543,-45.326818181818176,204.02954545454543
131.6282608695652,-38.3404347826087,208.52826086956523
128.44142857142856,-30.72714285714285,212.2509523809524
126.61619047619048,-21.914285714285715,214.4833333333333
125.31428571428572,-12.562380952380952,216.582380952381
125.09238095238096,-3.2380952380952386,216.5409523809524
126.80238095238091,5.0285714285714285,215.912380952381
129.33095238095237,14.031904761904762,214.4319047619048
132.75681818181818,22.244545454545456,211.54136363636363
136.23571428571427,29.2152380952381,208.01333333333332
141.29913043478257,34.61434782608696,204.2326086956521
146.55045454545453,39.24045454545455,199.0236363636364
152.49,43.25285714285715,193.4466666666667
159.09142857142857,45.76428571428571,187.2904761904762
165.89857142857144,46.0447619047619,180.9819047619048
172.91095238095238,45.35714285714284,174.3638095238095
179.46142857142854,43.44476190476192,167.1847619047619
165.5671428571429,11.503333333333334,185.9314285714286
163.20857142857142,11.282380952380953,187.87809523809523
161.19142857142856,9.661428571428573,190.49952380952385
158.75380952380954,7.7895238095238115,191.60952380952372
156.84238095238092,5.179047619047618,194.2428571428571
155.6663636363636,2.918636363636364,194.7177272727273
154.46,0.21875,194.6025
154.6027272727273,-3.2800000000000007,196.93772727272727
154.1747619047619,-6.284285714285713,196.6314285714286
154.34521739130432,-9.717391304347826,195.71000000000004
154.1914285714286,-11.881428571428572,194.3933333333333
155.52476190476187,-15.085238095238092,194.44619047619048
156.15545454545452,-17.844999999999995,193.7190909090909
157.8008695652174,-19.913478260869564,191.1460869565217
159.80142857142857,-22.554285714285715,189.69761904761907
161.6142857142857,-23.94285714285715,187.93000000000004
164.0919047619048,-25.32619047619048,184.98904761904765
166.5852380952381,-26.268571428571427,182.68047619047616
169.39238095238093,-26.332857142857144,180.32142857142856
171.56761904761905,-25.83857142857143,178.03809523809525
174.57142857142858,-24.96619047619048,175.39333333333337
176.89190476190475,-23.03523809523809,174.26333333333332
179.03521739130431,-20.132608695652173,171.15782608695653
181.11857142857136,-17.30428571428571,169.0152380952381
182.0366666666667,-14.113333333333332,168.37523809523807
182.8728571428572,-10.933809523809522,168.06142857142856
183.47809523809525,-7.596666666666666,166.6609523809524
183.35666666666663,-3.727142857142857,167.73047619047617
183.17476190476188,-0.2033333333333334,168.24809523809523
182.26285714285711,2.6961904761904765,168.50333333333333
181.29090909090908,5.925909090909091,170.68272727272725
180.05347826086958,9.11782608695652,171.02608695652177
177.8095238095238,11.415714285714287,174.61857142857144
175.7638095238095,12.939047619047615,176.23476190476194
172.86285714285714,14.25904761904762,179.0295238095238
169.75590909090909,15.130909090909093,181.83545454545447
