475.4057142857144,-385.88428571428585,37.36714285714285
471.4052380952382,-355.8038095238096,41.93857142857142
475.4057142857144,-321.9371428571428,41.93857142857142
478.54857142857156,-296.0742857142857,35.43857142857142
487.83476190476205,-262.852380952381,30.43809523809523
505.41238095238094,-236.48857142857148,20.147142857142853
521.4871428571427,-214.12476190476198,1.6433333333333335
539.635238095238,-189.90666666666672,-14.645238095238094
564.64,-177.82904761904763,-37.08142857142857
586.9333333333332,-163.68285714285713,-59.87428571428571
608.8647619047617,-161.11142857142855,-85.7342857142857
633.4447619047618,-163.11142857142855,-108.81523809523812
655.592857142857,-171.4695238095238,-131.2457142857143
675.5266666666666,-189.90714285714293,-155.54
694.7438095238095,-203.76476190476197,-174.3995238095238
710.1076190476192,-225.48571428571432,-192.7642857142858
725.7514285714287,-255.70523809523814,-205.19333333333338
735.0385714285717,-285.85571428571427,-221.84238095238098
738.1833333333336,-316.36571428571426,-225.0580952380953
739.3976190476193,-346.6609523809525,-232.34476190476192
740.8990476190478,-377.7366666666668,-229.70190476190484
736.4685714285716,-412.03047619047635,-224.34238095238098
725.4657142857145,-438.60999999999996,-219.91190476190482
711.7504761904763,-464.6176190476191,-200.05000000000004
695.6009523809524,-490.62142857142874,-183.61904761904765
677.5266666666668,-509.7719047619047,-164.89761904761903
654.0185714285714,-521.8442857142855,-141.3942857142857
630.6590476190476,-528.9871428571427,-121.38761904761907
613.1514285714284,-536.2766666666665,-96.66523809523808
590.1485714285712,-532.845238095238,-75.44809523809523
568.4971428571428,-525.9876190476189,-50.65380952380953
551.925238095238,-513.9866666666665,-30.294761904761902
530.060476190476,-502.62476190476195,-9.357619047619048
513.9871428571427,-479.6200000000001,4.928571428571429
496.12285714285724,-455.8990476190477,16.573809523809523
486.54857142857156,-433.60999999999996,29.437142857142856
482.04857142857156,-495.6942857142859,16.146190476190476
503.48428571428565,-517.2723809523808,-0.8571428571428571
520.7014285714283,-537.4904761904761,-26.008095238095237
545.2795238095238,-552.3538095238094,-48.439523809523806
567.4271428571427,-559.5680952380951,-74.87666666666667
596.6499999999999,-564.7828571428571,-101.0242857142857
619.1533333333331,-557.7114285714285,-126.6019047619048
642.4457142857142,-553.4971428571428,-150.82571428571427
666.8823809523809,-540.778095238095,-176.18571428571428
691.8142857142857,-518.4866666666666,-201.4071428571429
712.6800000000002,-495.05095238095237,-220.9842857142857
728.1809523809525,-467.54714285714294,-235.2028571428572
742.6857142857145,-430.0380952380952,-252.63333333333338
744.4009523809526,-397.3142857142858,-262.1366666666667
756.261428571429,-359.6614285714287,-265.28238095238095
749.9028571428574,-323.15142857142854,-263.8528571428572
748.2595238095241,-286.99904761904753,-254.91952380952384
741.0423809523812,-256.56285714285724,-246.70380952380955
731.6109523809525,-223.48476190476197,-230.70190476190479
712.1080952380954,-192.5495238095239,-211.47952380952387
693.1714285714286,-169.61238095238096,-191.0485714285715
672.8842857142857,-150.82428571428568,-168.8980952380952
640.3028571428571,-135.96047619047621,-139.3209523809524
617.0109523809522,-129.8876190476191,-113.03
591.0061904761902,-128.8876190476191,-81.7342857142857
566.2828571428571,-136.24761904761905,-55.798095238095236
539.5647619047618,-152.18142857142857,-28.57904761904761
509.62857142857126,-170.68333333333334,-4.6433333333333335
484.6914285714287,-198.6928571428572,14.930476190476192
473.6914285714287,-226.84428571428575,29.365714285714283
456.0404761904762,-259.77857142857135,44.58142857142857
449.96761904761905,-294.1428571428571,50.226190476190474
446.18238095238087,-330.0804761904762,53.08428571428571
443.61095238095237,-365.3052380952382,54.227619047619044
451.8247619047619,-402.8857142857144,49.51095238095238
460.18619047619046,-437.0385714285714,36.43857142857142
415.4604761904762,-436.8947619047619,53.86952380952381
404.1714285714287,-393.6000000000001,64.37571428571428
396.6714285714287,-360.37571428571437,65.8047619047619
398.5285714285715,-319.86571428571426,66.73285714285714
400.6714285714287,-278.9985714285714,62.659523809523805
409.95809523809544,-234.4166666666667,53.1552380952381
432.2528571428571,-196.05000000000004,39.22428571428571
452.75523809523804,-160.82571428571427,18.86142857142857
479.04809523809536,-133.88904761904763,-4.142857142857143
506.5566666666667,-106.88523809523811,-31.794285714285706
537.9199999999998,-92.02095238095237,-65.37619047619047
570.9980952380952,-86.09190476190476,-101.66952380952381
605.0795238095236,-87.23523809523809,-133.10333333333335
639.3028571428571,-96.88095238095237,-168.82666666666665
668.1685714285713,-111.52904761904763,-197.97857142857148
696.2452380952382,-136.53380952380954,-228.4161904761905
716.9657142857145,-167.11142857142855,-249.7761904761905
734.2542857142859,-203.19333333333338,-276.14142857142855
752.7600000000003,-240.98857142857148,-292.14333333333326
759.761428571429,-284.14142857142855,-303.2195238095238
765.4761904761908,-327.43761904761897,-307.007619047619
768.3338095238099,-371.44904761904775,-308.6499999999999
758.9042857142861,-411.4585714285716,-305.0795238095238
748.6171428571431,-452.3252380952381,-292.57095238095235
738.7566666666669,-490.83476190476205,-275.35571428571427
713.6800000000002,-525.0585714285712,-255.56333333333333
689.3138095238095,-555.3538095238094,-229.772380952381
661.5223809523809,-575.4285714285713,-201.83571428571435
633.66,-592.9347619047617,-175.1847619047619
605.1499999999999,-600.0071428571426,-143.7514285714286
574.1428571428571,-603.7214285714284,-111.95809523809525
543.8514285714284,-596.4357142857141,-83.02
518.6299999999998,-585.648095238095,-54.94190476190476
490.12095238095253,-566.7833333333333,-24.793333333333333
463.18857142857155,-543.8504761904761,3.2142857142857144
442.39619047619044,-514.3433333333332,25.722380952380952
425.7504761904762,-583.0038095238093,-10.00095238095238
455.89952380952377,-609.508095238095,-37.65285714285714
490.0495238095239,-628.1595238095238,-76.52
524.1299999999998,-639.3742857142856,-111.74380952380955
560.2114285714285,-644.5895238095238,-144.96666666666664
593.7214285714284,-640.017619047619,-179.47428571428577
626.3723809523808,-628.872857142857,-212.98000000000005
658.3071428571428,-606.1509523809522,-245.84619047619054
694.0586363636364,-578.4622727272725,-277.97909090909087
719.3618181818184,-541.3636363636363,-303.41772727272723
740.4704761904765,-505.2695238095237,-327.58
755.5077272727275,-463.4804545454546,-344.1336363636364
767.1185714285717,-410.3152380952382,-359.87571428571437
771.736363636364,-359.40863636363645,-365.6809090909092
770.0476190476194,-311.7938095238095,-364.44285714285724
766.3328571428575,-259.922380952381,-358.51857142857153
753.3328571428575,-215.6957142857143,-346.6595238095239
738.0404761904765,-170.68380952380954,-323.437619047619
713.4652380952383,-127.45904761904765,-300.5038095238095
686.1709523809524,-95.23666666666665,-271.57
656.9490476190475,-68.66285714285713,-238.34571428571434
620.5123809523808,-49.08190476190477,-205.55047619047625
582.0099999999998,-39.28272727272727,-165.31363636363633
542.4933333333332,-36.86666666666666,-125.95857142857146
505.43260869565205,-51.20695652173913,-84.86782608695651
469.762380952381,-65.01761904761904,-48.010952380952375
436.46714285714285,-95.23666666666665,-14.073333333333332
403.1004761904763,-132.03142857142862,13.072857142857144
377.6638095238096,-172.11333333333334,40.15285714285714
356.0900000000001,-217.3395238095239,56.8
347.0166666666667,-265.35285714285715,67.44761904761904
342.94380952380953,-312.7228571428571,71.52
339.58571428571435,-365.8766666666667,72.59142857142857
350.8028571428572,-416.03095238095244,65.59047619047618
368.304761904762,-463.1885714285715,55.22666666666667
383.45380952380964,-510.98619047619036,35.15238095238095
307.07857142857137,-494.76476190476194,42.36714285714285
286.78428571428566,-437.10999999999996,57.3
280.7128571428571,-393.8142857142858,65.73190476190476
275.9271428571428,-336.6538095238095,68.30523809523808
274.2833333333333,-280.4985714285714,64.6595238095238
285.427619047619,-221.27047619047624,55.8
302.8891666666666,-171.97833333333335,36.57208333333333
325.7228571428571,-120.03000000000003,16.716666666666665
360.5180952380953,-75.94857142857143,-17.788095238095234
399.59952380952393,-35.43857142857142,-52.653333333333336
435.96714285714285,-13.86047619047619,-94.59190476190476
478.97714285714295,2.5714285714285716,-139.46333333333337
524.8577272727271,10.364545454545453,-180.1827272727273
572.2147619047618,1.4285714285714286,-224.62857142857146
612.0085714285711,-18.933809523809522,-267.8547619047619
646.5171428571427,-49.583333333333336,-311.5085714285714
685.1704761904762,-79.30571428571427,-344.8028571428572
715.394285714286,-123.6014285714286,-374.5214285714287
737.1842857142859,-170.97,-398.6000000000001
754.4038095238099,-224.8433333333334,-419.034761904762
765.3333333333337,-281.85571428571427,-428.7523809523809
773.4066666666669,-337.58428571428567,-431.72380952380945
773.0476190476194,-394.45714285714297,-427.32333333333327
761.9757142857146,-453.6828571428571,-415.4600000000001
741.7580952380955,-506.4838095238096,-400.0285714285715
716.8390909090912,-555.2763636363635,-377.8886363636364
691.6,-598.6499999999999,-349.01857142857153
652.5885714285714,-633.7309523809523,-314.86571428571426
610.9245454545453,-662.0086363636364,-280.3654545454545
575.9995238095237,-681.17,-237.84571428571434
535.9199999999998,-688.5280952380953,-197.47857142857148
495.2479166666665,-686.795,-162.7275
457.68571428571425,-675.5266666666666,-118.1014285714286
418.05727272727285,-652.3881818181818,-77.47454545454545
383.7550000000001,-623.4072727272726,-36.69181818181818
346.0876190476191,-584.7195238095237,-4.5
322.08,-650.7323809523809,-71.44857142857143
364.3177272727273,-682.3972727272727,-114.14136363636366
405.4409090909092,-703.1304545454547,-151.67545454545453
450.75380952380954,-714.4657142857145,-199.1928571428572
491.12095238095253,-719.1085714285716,-243.27428571428578
534.4180952380951,-710.3228571428574,-285.8561904761904
572.7842857142856,-691.2433333333333,-324.43761904761897
614.9390476190474,-660.7371428571429,-364.947142857143
659.005,-618.9731818181816,-403.46409090909106
687.2395454545455,-573.2786363636361,-432.6554545454546
717.9652380952383,-526.9871428571427,-451.39714285714285
736.5400000000003,-472.1914285714287,-477.04857142857156
748.3319047619051,-402.3857142857144,-484.1200000000001
750.4033333333336,-342.0128571428572,-493.7642857142858
746.5447619047621,-276.2838095238095,-489.97857142857157
737.8261904761906,-215.9814285714286,-481.76285714285723
719.0890909090912,-158.90363636363634,-466.41500000000013
693.0359090909092,-108.98363636363638,-442.88272727272727
664.5242857142856,-60.588095238095235,-410.8166666666667
627.5157142857142,-24.36523809523809,-372.51857142857153
588.9347619047617,4.429047619047619,-332.43857142857144
544.9233333333333,29.436666666666664,-288.71380952380946
494.7661904761904,38.36714285714285,-237.7028571428572
450.3261904761904,38.01,-188.97714285714292
401.8142857142858,21.076190476190476,-143.75238095238095
357.9081818181819,-3.5454545454545454,-101.68590909090908
314.36571428571426,-38.01,-55.84619047619047
275.85571428571427,-83.66285714285713,-23.149999999999995
245.92363636363643,-133.66772727272732,4.5
227.34380952380954,-190.62142857142865,27.43761904761904
216.26761904761912,-247.7028571428572,39.86714285714285
212.4785714285715,-311.2223809523809,50.01047619047619
213.8380952380953,-375.3780952380953,47.2247619047619
224.93333333333342,-442.6729166666667,41.1975
243.84571428571434,-506.98571428571415,19.002857142857142
264.7095238095238,-561.9257142857142,-8.357142857142858
177.6147619047619,-520.3442857142855,-20.504761904761903
159.92636363636362,-452.4986363636363,0.2727272727272727
149.97136363636363,-399.91818181818195,8.659090909090908
143.10857142857145,-327.4380952380952,13.358095238095236
146.1095238095238,-263.1380952380952,6.857142857142857
158.11142857142855,-195.9071428571429,-4.642857142857143
179.33047619047622,-139.1776190476191,-24.29238095238095
206.02772727272733,-85.31545454545454,-46.57818181818182
238.84571428571434,-38.86714285714285,-82.73523809523809
284.85571428571427,5.786190476190476,-125.17285714285717
330.08095238095234,37.01,-171.61285714285714
374.59190476190486,54.44095238095238,-224.84285714285718
430.74545454545455,59.334999999999994,-273.8195454545454
480.47714285714295,56.084761904761905,-324.5804761904762
529.767727272727,34.10045454545454,-371.1377272727274
577.5014285714284,7.643809523809525,-418.7490476190477
618.2909090909089,-34.100909090909084,-453.7263636363637
650.8752380952379,-79.37714285714284,-491.55000000000007
680.2414285714285,-132.17333333333337,-517.7014285714283
700.9623809523811,-190.9776190476191,-542.207619047619
712.5361904761907,-253.70476190476197,-553.2114285714285
723.7514285714287,-321.7228571428571,-557.7828571428571
719.8228571428574,-391.099523809524,-556.2828571428571
709.2509523809525,-460.9014285714286,-543.4938095238094
683.8295454545455,-523.4254545454543,-528.061818181818
658.991304347826,-582.9952173913041,-503.40695652173923
623.9438095238095,-628.3742857142856,-470.2619047619049
585.2914285714284,-670.5261904761904,-438.46714285714285
541.5704347826086,-706.8739130434784,-391.8604347826088
495.87227272727273,-722.9072727272729,-348.43000000000006
449.5385714285714,-731.4666666666668,-300.07571428571424
405.509090909091,-733.1363636363639,-255.81318181818196
359.87571428571437,-724.1800000000002,-205.33571428571437
307.29190476190473,-700.0328571428572,-161.89714285714285
265.99619047619046,-667.6685714285713,-119.45857142857146
223.77190476190475,-621.512857142857,-79.44857142857143
205.1928571428572,-662.0957142857143,-163.61142857142855
248.24227272727282,-696.5145454545456,-206.43636363636372
298.4304761904761,-721.0371428571431,-253.7033333333334
342.76863636363646,-734.9109090909094,-301.30272727272717
390.8133333333335,-734.8257142857145,-344.5890476190477
430.7459090909091,-726.7259090909093,-392.89000000000016
481.5518181818183,-708.5886363636365,-434.0872727272727
522.0590476190474,-679.0271428571428,-478.54857142857156
567.4976190476189,-635.8028571428571,-515.8442857142855
600.5590909090907,-586.0336363636362,-547.8436363636363
625.1576190476189,-539.5623809523809,-573.6419047619047
651.0952173913043,-474.38043478260886,-596.8891304347824
662.5952380952381,-400.8857142857144,-612.4780952380951
667.24,-338.79857142857145,-616.4390476190475
666.8814285714286,-269.7123809523809,-609.3647619047617
662.0942857142857,-201.9071428571429,-594.9357142857141
636.5686363636363,-143.4909090909091,-577.3027272727271
614.6956521739128,-89.17217391304348,-554.356956521739
582.6471428571427,-38.29571428571428,-522.2733333333332
542.250909090909,2.1136363636363638,-480.3245454545456
497.19476190476206,32.65285714285714,-440.74761904761897
452.46809523809526,54.22714285714286,-393.17047619047634
397.3142857142858,63.87523809523809,-344.94619047619057
350.68000000000006,63.971363636363634,-294.2777272727272
298.8486363636363,48.69318181818182,-242.24181818181825
247.82173913043485,25.312173913043477,-194.1369565217392
206.5500000000001,-8.143333333333333,-154.39714285714285
165.82666666666665,-56.65761904761904,-112.31523809523812
138.46380952380954,-112.81523809523812,-80.80571428571427
112.60095238095238,-168.7542857142857,-56.8
98.47863636363637,-228.94590909090914,-44.87454545454545
89.02190476190475,-295.85999999999996,-41.93857142857142
89.63,-370.00478260869573,-42.40173913043478
101.52619047619046,-444.8247619047619,-48.010952380952375
119.07545454545458,-511.62909090909085,-70.38318181818181
145.8947619047619,-575.357619047619,-99.59714285714286
73.34653846153846,-500.8934615384617,-127.35730769230776
50.298095238095236,-439.0385714285714,-113.3157142857143
46.439047619047614,-383.0976190476192,-103.02714285714286
47.2247619047619,-318.7228571428571,-96.52333333333333
53.44095238095238,-253.20428571428576,-102.59761904761903
65.54090909090908,-182.90954545454545,-114.37090909090912
84.87714285714284,-125.03047619047622,-128.67333333333337
117.74428571428574,-74.7342857142857,-156.9685714285714
151.5395238095238,-27.43619047619047,-193.62142857142865
194.64090909090916,10.159999999999998,-236.03681818181823
242.34260869565225,38.94478260869565,-281.28695652173906
286.71333333333325,52.36904761904762,-328.72333333333324
342.3004761904762,56.37095238095238,-382.95333333333343
393.74238095238115,51.44,-427.8190476190476
440.60999999999996,33.79571428571428,-471.19047619047626
485.1914285714287,0.7142857142857143,-518.4871428571427
522.772857142857,-35.01,-556.4971428571428
556.3668181818181,-80.61090909090909,-589.4445454545453
580.4314285714285,-134.53142857142862,-619.3695238095237
599.0785714285712,-195.83571428571435,-640.9457142857142
613.7830434782607,-262.04391304347826,-654.4882608695651
613.365714285714,-330.7233333333333,-660.1638095238095
609.7214285714284,-394.3857142857144,-657.877619047619
598.5785714285712,-459.32952380952383,-645.8033333333333
576.1438095238094,-523.1299999999998,-626.1585714285713
549.1386363636362,-580.0318181818179,-602.2636363636361
514.9866666666666,-627.2295238095237,-572.1409523809523
474.80136363636376,-666.7818181818183,-531.2672727272725
429.8947619047619,-698.46,-490.83476190476205
384.3119047619049,-722.1800000000002,-447.8252380952381
341.60863636363644,-728.2259090909093,-399.85000000000014
295.7871428571428,-721.9657142857145,-354.8038095238096
249.7028571428572,-711.821904761905,-308.22142857142853
202.33571428571435,-687.5990476190476,-261.49428571428575
157.9685714285714,-649.1609523809523,-218.912380952381
118.78000000000004,-606.0874999999997,-180.79583333333338
112.60095238095239,-616.9390476190474,-279.57
147.25285714285715,-653.9476190476189,-313.5085714285714
189.12095238095245,-677.0985714285714,-353.9190476190477
232.55952380952385,-691.4566666666667,-400.6714285714287
273.35571428571427,-695.8161904761905,-437.2528571428571
316.36571428571426,-694.4571428571429,-476.262380952381
356.947142857143,-675.2414285714285,-520.4871428571427
397.7300000000002,-655.6626086956521,-559.9643478260869
435.5385714285714,-617.0823809523807,-592.8566666666663
467.70954545454555,-570.4827272727271,-628.9313636363636
498.33714285714296,-529.0590476190474,-653.7338095238096
518.652727272727,-473.3700000000001,-670.9413636363636
534.2747619047617,-410.2433333333335,-685.67
542.4545454545454,-351.9750000000001,-691.1259090909091
542.7076190476189,-289.71428571428567,-692.2433333333333
536.8466666666666,-224.62952380952382,-679.5985714285714
520.9871428571427,-168.89761904761903,-664.7385714285714
503.6509090909089,-118.73454545454548,-638.41
477.54857142857156,-71.01904761904761,-609.792857142857
441.5385714285714,-31.009047619047617,-572.7538095238094
401.89545454545464,-0.13636363636363635,-537.3372727272725
359.37571428571437,25.722380952380952,-495.76571428571435
310.72190476190474,37.01,-451.61190476190467
264.0671428571428,37.43857142857142,-405.6719047619049
218.7680952380953,26.864761904761902,-359.3042857142858
178.54500000000004,46.373636363636365,-313.9886363636363
138.24904761904762,-27.722857142857134,-272.35238095238094
100.52590909090908,-66.08636363636363,-237.19681818181826
67.32304347826086,-115.0734782608696,-207.57217391304354
41.65285714285714,-167.32714285714286,-188.62047619047627
23.119999999999997,-224.9909090909091,-181.0677272727273
15.289047619047619,-284.6419047619047,-173.25571428571428
15.789047619047619,-349.3028571428572,-172.11238095238093
20.86333333333333,-413.1019047619049,-179.25904761904766
35.72428571428571,-475.19095238095247,-194.05000000000007
58.80095238095238,-533.4176190476189,-221.3404761904762
13.35857142857143,-446.75380952380954,-259.77952380952377
0.2727272727272727,-392.6213636363638,-247.2872727272728
-8.215238095238096,-348.44619047619057,-244.63142857142861
-7.977727272727273,-294.480909090909,-245.0372727272728
0.42857142857142855,-241.34571428571434,-247.7028571428572
19.641363636363636,-193.48181818181823,-256.49590909090915
40.93857142857142,-144.89380952380952,-275.9271428571428
66.49545454545454,-96.49954545454544,-300.07499999999993
100.30999999999999,-56.51380952380952,-331.79523809523806
137.3909523809524,-28.15095238095238,-367.23285714285726
175.9004761904762,-7.571428571428571,-404.6719047619049
217.91190476190482,0.7142857142857143,-445.5385714285714
261.49333333333334,1.2142857142857142,-487.97761904761916
303.21999999999997,-7.429047619047618,-527.4876190476189
341.872380952381,-25.14952380952381,-570.6409523809523
377.87904761904775,-53.15428571428571,-604.9290476190474
410.60095238095244,-93.3795238095238,-633.8733333333332
435.10952380952375,-137.17571428571432,-663.3804761904762
455.72173913043486,-187.61347826086964,-687.04
467.14043478260885,-237.58173913043487,-704.4600000000002
471.6645454545456,-290.8677272727272,-712.6800000000002
473.6200000000001,-348.5180952380953,-714.6080952380954
465.3328571428572,-403.6714285714287,-708.9657142857145
454.3004166666667,-456.0504166666667,-695.4225
431.68047619047616,-506.98523809523806,-678.9557142857143
405.3142857142858,-551.0685714285713,-654.3766666666666
377.2357142857144,-587.0052380952378,-626.8014285714285
336.4409523809524,-617.2961904761903,-593.720476190476
300.50523809523804,-641.3028571428571,-561.2833333333332
262.0657142857143,-655.8066666666666,-522.0585714285712
221.62619047619054,-659.4504761904761,-481.33428571428584
187.12095238095245,-654.4485714285713,-447.46809523809526
146.76545454545453,-634.795909090909,-406.94136363636375
108.52857142857142,-612.2233333333331,-369.0190476190477
76.16285714285713,-582.3604761904761,-333.6542857142857
44.36714285714285,-542.0657142857142,-303.6480952380952
51.21636363636364,-534.0640909090907,-381.9145454545456
76.7342857142857,-561.4257142857142,-407.52904761904773
104.55045454545456,-584.1245454545453,-435.4509090909091
137.9668181818182,-600.4909090909089,-470.3695454545456
168.04,-610.5080952380949,-498.33809523809526
203.23181818181823,-608.6049999999998,-533.1090909090907
233.77380952380958,-602.150476190476,-565.5685714285713
267.2045454545454,-589.1727272727271,-599.6045454545452
299.68478260869557,-566.2926086956521,-625.5252173913042
331.72380952380945,-536.6323809523808,-655.4495238095237
349.9466666666668,-498.4814285714285,-675.0261904761904
372.43090909090915,-460.61590909090916,-694.0577272727273
388.27260869565225,-413.5813043478262,-710.787391304348
396.81739130434795,-370.3300000000001,-717.3100000000002
399.45714285714297,-323.36619047619047,-716.6085714285716
403.6000000000001,-273.2838095238095,-712.6080952380954
393.1714285714287,-229.2733333333334,-702.9623809523811
380.02380952380963,-185.40476190476195,-687.2419047619047
358.1127272727274,-148.26545454545456,-668.5550000000001
333.51095238095235,-109.67238095238096,-643.5890476190476
305.57857142857137,-82.02,-617.938095238095
276.78428571428566,-62.37380952380952,-585.8609523809522
240.34571428571434,-48.65333333333333,-548.8538095238094
205.47857142857148,-41.58142857142857,-516.772857142857
169.61238095238093,-41.29571428571428,-474.97714285714295
133.8171428571429,-59.014761904761905,-442.2528571428571
100.38954545454546,-78.08818181818181,-411.71500000000015
68.26818181818182,-108.0286363636364,-382.0509090909092
43.65333333333333,-140.24857142857144,-356.51857142857153
22.649047619047614,-181.47523809523813,-336.1542857142857
6.614090909090908,-225.87636363636366,-321.48909090909086
-9.478181818181817,-270.81999999999994,-314.6022727272727
-9.286666666666665,-315.86571428571426,-312.2942857142857
-5.429047619047619,-364.5190476190477,-317.65142857142854
-1.2272727272727273,-414.6472727272729,-325.03090909090906
13.930952380952382,-464.4752380952382,-340.01000000000005
1.6428571428571428,-378.4523809523811,-389.8852380952382
-0.42857142857142855,-344.4433333333334,-378.5219047619049
-1.0714285714285714,-311.86476190476185,-381.23857142857156
3.375,-273.38208333333324,-381.5950000000001
30.006190476190476,-239.77428571428578,-388.45523809523826
23.36428571428571,-200.97857142857148,-403.24285714285725
42.65333333333333,-166.61190476190475,-421.3919047619048
69.22363636363636,-140.28545454545454,-443.63272727272727
91.7347619047619,-115.95857142857146,-467.4757142857144
118.05272727272731,-106.18727272727274,-492.3936363636365
149.01590909090908,-99.43454545454546,-521.0395454545452
174.25619047619045,-94.95142857142856,-553.14
207.33666666666673,-98.5242857142857,-580.2880952380951
234.13047619047623,-111.74333333333334,-607.4357142857141
260.2066666666667,-129.53047619047624,-633.0885714285714
281.7972727272727,-154.9490909090909,-653.6168181818182
301.71904761904756,-188.76238095238102,-674.8838095238095
320.4371428571428,-217.69714285714286,-691.4571428571429
329.08142857142855,-257.77857142857147,-703.3919047619049
334.4390476190476,-296.93095238095236,-709.3223809523812
335.7257142857143,-336.44,-712.9657142857145
330.47173913043474,-372.4169565217392,-715.1582608695653
321.275652173913,-408.7526086956524,-707.9182608695654
304.6463636363636,-445.3377272727273,-692.4222727272728
287.99999999999994,-477.6200000000001,-679.0985714285714
265.85380952380945,-504.5561904761904,-658.807619047619
240.13142857142861,-529.7738095238094,-637.087619047619
213.55095238095245,-544.0661904761904,-609.150476190476
184.67869565217399,-555.531304347826,-581.6217391304347
155.7538095238095,-555.9971428571428,-554.14
130.96000000000004,-558.2828571428571,-526.2014285714283
104.1690476190476,-547.7099999999999,-502.1985714285714
80.47454545454545,-529.152727272727,-472.68727272727284
53.58428571428571,-507.77047619047613,-449.68142857142857
32.43857142857142,-482.4057142857144,-430.17999999999995
15.000869565217391,-445.6752173913044,-409.4052173913044
27.144999999999992,-418.3318181818182,-461.29727272727274
40.03272727272727,-442.1331818181818,-474.80136363636376
56.60409090909091,-461.2290909090909,-486.32500000000016
70.02,-474.47619047619054,-510.0576190476189
87.80571428571427,-490.54952380952386,-527.1309523809522
113.17285714285715,-496.62238095238104,-549.2828571428571
127.95952380952386,-496.26523809523815,-570.6404761904762
149.75333333333333,-494.9790476190476,-592.2209523809522
174.11136363636365,-493.4859090909091,-607.7872727272725
195.6928571428572,-476.54809523809536,-631.445238095238
213.6233333333334,-461.32952380952383,-645.2314285714285
227.7177272727273,-444.4513636363636,-661.8713636363635
244.77428571428578,-415.3166666666667,-676.5985714285714
255.56190476190483,-394.3138095238096,-686.5985714285714
263.31636363636363,-368.47727272727286,-692.5586363636364
270.567619047619,-337.29809523809524,-697.5309523809525
267.4768181818182,-306.96454545454543,-694.4000000000001
269.4252380952381,-279.2128571428571,-686.3842857142857
258.13428571428574,-251.9180952380953,-682.3128571428572
248.48904761904768,-222.48571428571432,-672.6690476190475
232.202380952381,-203.12142857142862,-658.8071428571428
219.05476190476193,-185.0471428571429,-639.6595238095238
199.14090909090916,-169.81363636363633,-622.3159090909089
180.68904761904764,-157.7542857142857,-601.0785714285712
158.1025,-151.85125,-583.4604166666664
132.17571428571432,-153.25333333333333,-557.2114285714285
116.50782608695656,-157.80043478260868,-533.0234782608694
94.95095238095237,-170.11190476190475,-518.9157142857141
73.79227272727272,-183.72909090909096,-500.9881818181817
55.51285714285714,-202.40714285714296,-480.1200000000001
39.86714285714285,-224.98714285714289,-468.54666666666674
27.006666666666668,-251.63380952380953,-456.112380952381
24.07761904761904,-280.4985714285714,-448.96809523809526
16.36095238095238,-309.7223809523809,-445.5385714285714
15.573333333333332,-339.79809523809524,-446.0390476190476
17.503809523809522,-372.87809523809534,-448.7528571428571
38.36714285714285,-302.64857142857136,-494.1157142857144
45.01,-279.85571428571427,-500.1252380952382
50.29714285714286,-263.20809523809527,-506.342857142857
59.51428571428571,-246.34619047619054,-516.6295238095237
72.66285714285713,-229.4166666666667,-528.2738095238094
83.9490476190476,-218.2680952380953,-538.9190476190475
99.38190476190476,-207.4076190476191,-550.64
115.74380952380955,-204.40714285714296,-567.4257142857142
131.34909090909093,-201.73181818181823,-583.3045454545453
144.53761904761907,-203.9076190476191,-598.2214285714284
159.82571428571427,-209.9076190476191,-613.0090476190475
173.04142857142858,-217.33952380952385,-626.515238095238
182.40428571428578,-229.63047619047623,-638.0171428571427
196.0045454545455,-245.78772727272735,-653.2745454545454
203.6928571428572,-260.7790476190476,-659.2361904761905
210.2916000000001,-281.1699999999999,-663.7668000000001
216.62523809523813,-305.36380952380944,-671.24
218.69666666666672,-323.65190476190475,-671.9547619047619
215.53173913043483,-342.54217391304354,-675.9517391304348
214.33761904761909,-365.87571428571437,-670.3833333333333
204.26428571428582,-385.8123809523811,-665.5966666666666
195.05000000000004,-403.4576190476192,-657.2357142857143
187.834761904762,-417.39047619047625,-645.2323809523808
173.11333333333334,-432.3238095238095,-629.4438095238095
159.31777777777776,-441.44333333333344,-615.8188888888886
141.82285714285712,-447.46761904761905,-605.3652380952379
125.88714285714289,-451.3247619047619,-590.5061904761902
111.95809523809525,-452.5399999999999,-573.4980952380951
95.68318181818181,-444.7236363636364,-558.7536363636362
83.37714285714284,-435.60952380952375,-545.7099999999999
68.09047619047618,-428.1085714285713,-530.7738095238094
59.87285714285714,-413.03095238095244,-519.272857142857
49.36714285714286,-398.6000000000001,-506.12809523809517
44.08190476190476,-377.664761904762,-500.4828571428572
35.43809523809524,-359.8042857142858,-491.5490476190477
28.22333333333333,-337.1542857142857,-492.2652380952381
53.65714285714286,-287.8561904761905,-515.6299999999998
50.01190476190476,-306.8623809523809,-510.8438095238094
49.44,-325.15142857142854,-512.2009523809523
51.15428571428571,-339.5128571428572,-511.5585714285713
50.15428571428571,-356.8038095238096,-514.0585714285712
55.24090909090909,-370.93227272727285,-520.6981818181816
59.229523809523805,-384.95476190476205,-528.4885714285713
68.51904761904761,-398.5285714285715,-534.2028571428569
78.02,-409.6686363636365,-546.4104545454544
88.9495238095238,-414.17333333333346,-553.9971428571428
103.02714285714286,-420.5342857142858,-564.7114285714285
109.24285714285716,-425.7514285714285,-578.0723809523809
120.88714285714289,-425.82285714285706,-589.5776190476188
137.4614285714286,-421.2490476190476,-603.5071428571426
147.96714285714285,-415.81761904761913,-617.0099999999998
159.79,-405.85000000000014,-629.2049999999999
168.1833333333333,-398.1000000000001,-635.9428571428571
179.90238095238095,-383.524761904762,-643.16
185.0480952380953,-373.66285714285726,-647.8033333333333
190.2633333333334,-355.51857142857153,-656.0214285714285
193.69238095238103,-340.22761904761904,-657.4495238095237
196.9071428571429,-320.65142857142854,-661.0233333333333
190.90666666666675,-305.3633333333333,-660.1647619047619
189.90571428571434,-291.857619047619,-652.3747619047618
181.97523809523813,-273.99809523809523,-649.7319047619046
178.47333333333336,-259.35095238095244,-642.16
169.68285714285713,-253.84666666666675,-630.7299999999999
163.11190476190473,-239.77428571428578,-624.2999999999998
151.75333333333333,-230.202380952381,-608.5790476190474
135.31904761904764,-230.55904761904765,-602.5071428571426
122.1014285714286,-228.70190476190479,-587.4338095238093
113.5730434782609,-228.64652173913052,-576.2091304347824
102.74142857142856,-234.48857142857148,-563.7833333333332
92.87761904761904,-243.2028571428572,-554.2114285714285
82.80571428571427,-254.8476190476191,-544.4166666666666
70.45136363636362,-265.4990909090909,-532.631818181818
127.17333333333337,-214.3385714285715,-574.9276190476189
135.67523809523814,-208.9790476190477,-589.9342857142855
151.18190476190475,-210.69428571428574,-605.2933333333332
161.82571428571427,-215.76761904761912,-617.225714285714
173.54238095238097,-226.05761904761908,-626.3714285714284
185.91090909090914,-236.51454545454553,-640.4554545454545
195.9363636363637,-252.8800000000001,-650.1381818181818
202.83571428571435,-270.64047619047614,-655.377619047619
211.5504545454546,-287.25227272727267,-663.3031818181818
212.90904761904767,-306.14857142857136,-663.3804761904762
210.33761904761909,-327.72333333333324,-667.0961904761904
212.1942857142858,-348.23142857142864,-664.0233333333333
204.0500000000001,-367.86318181818194,-663.7095454545455
195.12142857142862,-386.88476190476206,-658.9499999999999
190.12142857142865,-403.314761904762,-649.4457142857142
180.18000000000004,-414.30681818181824,-637.66
168.75571428571428,-427.46619047619043,-624.7290476190475
156.18285714285713,-436.39571428571423,-613.8652380952378
137.74809523809523,-444.2528571428571,-598.1495238095237
118.6014285714286,-442.39571428571423,-583.3609523809521
108.21625000000004,-440.54750000000007,-572.9545833333332
91.45363636363635,-437.63272727272727,-556.3672727272726
81.49727272727272,-427.74545454545455,-539.930909090909
69.67173913043477,-415.92956521739137,-531.4573913043477
62.516190476190474,-404.74285714285725,-520.2014285714283
53.22571428571429,-386.88380952380965,-511.3442857142856
46.582380952380944,-368.377142857143,-507.0561904761904
43.08142857142857,-353.37523809523816,-500.7690476190477
37.850909090909084,-328.78499999999997,-499.2150000000001
42.36714285714285,-311.65142857142854,-498.48190476190473
43.939047619047614,-288.99999999999994,-497.9814285714285
48.86761904761905,-270.4271428571428,-501.84047619047607
60.730952380952374,-253.06190476190486,-511.77238095238084
72.59095238095237,-238.77428571428578,-517.5585714285712
81.94857142857143,-221.12761904761905,-532.1319047619046
93.73619047619047,-211.76523809523817,-544.4933333333332
114.02952380952382,-159.9685714285714,-531.7033333333331
95.38,-172.04142857142855,-516.4861904761902
73.66285714285713,-187.7628571428572,-495.26523809523826
55.51238095238095,-203.26476190476197,-483.47714285714295
44.367619047619044,-222.98571428571432,-469.04857142857156
32.72428571428571,-246.56095238095244,-460.4009523809524
24.36333333333333,-270.2123809523809,-451.54
17.574761904761903,-297.71666666666664,-446.2528571428571
17.432857142857138,-323.0085714285714,-444.68142857142857
20.36238095238095,-355.8038095238096,-448.4685714285714
26.294285714285714,-378.80857142857155,-455.18380952380954
32.86714285714285,-404.0285714285715,-465.1185714285715
45.2247619047619,-431.6099999999999,-482.1200000000001
54.37,-447.5385714285714,-495.7657142857143
71.23380952380951,-466.332380952381,-510.91523809523795
88.65772727272726,-476.3018181818183,-530.1763636363635
105.43636363636364,-485.6427272727274,-548.5249999999999
127.31571428571431,-490.47761904761916,-566.2828571428571
145.96666666666664,-485.26285714285723,-584.5052380952379
167.2547619047619,-481.1200000000001,-605.4357142857141
186.90571428571437,-472.3333333333334,-628.5847619047619
205.62142857142868,-461.6171428571429,-641.8028571428571
220.8963636363637,-442.4054545454546,-660.3709090909091
239.13142857142861,-419.2476190476191,-674.5266666666666
251.84619047619054,-396.1714285714287,-678.8842857142857
257.42,-368.3766666666667,-684.527619047619
257.5177272727273,-342.3590909090909,-691.194090909091
263.494761904762,-310.5080952380952,-687.17
260.6357142857143,-285.9990476190476,-688.2423809523809
252.20571428571432,-257.84904761904767,-679.4557142857143
239.98857142857148,-231.2014285714286,-670.3109523809524
228.62952380952387,-205.69333333333338,-651.8028571428571
211.26476190476197,-191.40666666666675,-639.66
195.26428571428576,-178.18666666666667,-620.2985714285712
180.4028571428572,-173.11190476190473,-601.6499999999999
156.61095238095237,-165.9685714285714,-579.5733333333332
231.6722727272728,-130.66727272727277,-607.9909090909089
255.84809523809525,-148.10999999999999,-636.3028571428571
270.4608695652173,-159.8878260869565,-651.291304347826
291.2142857142856,-187.0485714285715,-670.7409523809523
305.940909090909,-219.73590909090916,-684.7154545454546
314.8754545454545,-256.154090909091,-694.1263636363636
323.9371428571428,-292.42952380952374,-702.247142857143
325.92090909090905,-330.0127272727272,-702.3122727272729
321.0085714285714,-368.0195238095239,-700.1428571428572
309.89772727272725,-402.5772727272728,-697.129090909091
296.6649999999999,-437.36,-688.2609090909091
277.2838095238095,-466.47619047619054,-675.67
255.77956521739128,-489.31652173913056,-654.4882608695651
234.4004545454546,-515.1754545454543,-630.500909090909
205.48000000000005,-530.2752380952379,-607.0076190476188
181.76095238095243,-540.707619047619,-579.430476190476
154.11142857142855,-545.2809523809523,-553.4971428571428
124.03000000000003,-538.205238095238,-528.130476190476
100.09619047619047,-525.2014285714283,-503.5561904761904
76.87714285714284,-510.5580952380951,-477.83380952380963
56.013333333333335,-489.6923809523811,-477.69000000000005
37.08190476190476,-463.3314285714286,-436.68142857142857
23.325454545454544,-437.8372727272727,-420.7881818181819
14.145714285714286,-406.6004761904763,-406.9576190476192
7.428571428571429,-366.3761904761906,-392.17095238095254
4.840909090909091,-330.76227272727266,-390.5086363636365
5.591363636363637,-293.93499999999995,-392.41818181818195
9.214285714285714,-263.3528571428571,-396.52809523809543
18.075714285714284,-225.12952380952382,-405.3866666666667
34.79523809523809,-195.4071428571429,-417.03333333333336
52.082857142857144,-166.39761904761903,-436.2528571428571
75.16285714285713,-144.6804761904762,-451.2490476190476
101.02619047619046,-124.53000000000003,-474.8333333333334
128.62136363636367,-112.93818181818186,-500.7850000000001
153.8869565217391,-106.65826086956523,-526.9560869565215
177.6871428571429,-103.02571428571429,-550.2819047619047
198.33571428571435,-55.01380952380952,-504.62714285714287
165.68333333333334,-59.80047619047619,-473.47714285714295
136.0554545454546,-69.36,-443.0872727272727
102.43409090909091,-82.31545454545454,-415.94454545454556
74.80571428571427,-112.1004761904762,-389.95571428571446
46.51090909090909,-144.92227272727277,-365.20363636363646
24.935714285714283,-177.61571428571432,-348.5885714285715
14.217619047619047,-218.19666666666672,-332.15238095238095
0.717391304347826,-258.5843478260871,-322.7104347826087
-1.2857142857142858,-304.00476190476184,-321.65142857142854
-4.431818181818182,-336.9695454545454,-320.8754545454545
-0.42857142857142855,-388.2423809523811,-329.22380952380945
10.910454545454545,-432.7236363636364,-343.79
27.794761904761902,-471.262380952381,-363.447142857143
44.01,-509.7719047619047,-385.24142857142874
71.73380952380951,-540.7771428571427,-410.314761904762
96.66619047619047,-566.7833333333332,-435.46761904761905
128.96227272727276,-582.9645454545453,-463.54863636363643
156.65363636363634,-590.8763636363634,-494.7809090909093
189.66272727272735,-599.1272727272725,-525.1304545454543
222.91285714285718,-592.5785714285712,-560.2828571428571
257.4914285714286,-583.2890476190474,-592.3633333333331
288.1428571428571,-558.2114285714285,-623.800476190476
320.9371428571428,-529.7742857142855,-651.3742857142856
342.15761904761905,-493.97904761904766,-676.3842857142857
364.19869565217397,-456.7000000000001,-691.4756521739131
380.95190476190487,-411.45904761904774,-701.6761904761906
391.8600000000002,-370.2000000000001,-709.2869565217393
395.74238095238104,-322.58,-714.679523809524
396.3857142857144,-281.4271428571428,-709.2509523809525
383.597142857143,-234.91714285714292,-701.3185714285715
370.8766666666667,-190.69238095238103,-687.1704761904762
350.8042857142858,-151.61095238095237,-663.5961904761905
326.2947619047619,-117.88714285714289,-639.8028571428571
298.1654545454545,-91.11272727272727,-612.9699999999998
265.56714285714287,-73.37714285714284,-581.5738095238094
369.6633333333334,-54.084761904761905,-590.4352380952379
398.24285714285725,-81.80619047619047,-614.0809523809521
425.5627272727272,-121.53000000000003,-641.8190909090908
447.89571428571423,-160.7542857142857,-668.3114285714286
459.61428571428576,-212.7671428571429,-685.6704761904762
467.19000000000005,-263.2814285714286,-696.0290476190477
472.6914285714287,-318.08,-703.7485714285716
471.9052380952382,-373.8057142857144,-703.2485714285716
458.0438095238095,-430.82285714285706,-690.3138095238095
441.18142857142857,-483.4057142857144,-679.4557142857143
420.81857142857154,-522.4871428571427,-654.5909523809523
384.8458333333335,-567.7658333333331,-629.3466666666666
349.3282608695653,-601.7152173913041,-597.4108695652172
312.2938095238095,-626.872857142857,-563.2119047619046
274.07,-645.1604761904762,-522.272857142857
238.35500000000005,-649.455909090909,-482.6427272727274
197.7772727272728,-642.7740909090908,-446.0140909090909
161.32571428571427,-630.2309523809523,-408.24333333333345
120.88714285714289,-605.292857142857,-373.5209523809525
93.52285714285713,-580.0019047619046,-344.80285714285725
66.66095238095238,-542.5647619047619,-314.58
42.08142857142857,-498.8376190476192,-284.85571428571427
23.008095238095233,-450.11095238095237,-265.1390476190477
14.074285714285711,-396.5990476190477,-252.70476190476197
6.5,-340.9428571428572,-247.41714285714292
7.285714285714286,-286.9985714285714,-244.06000000000006
16.639545454545456,-235.6281818181819,-250.42454545454555
29.487391304347824,-192.76695652173922,-261.06478260869574
48.21454545454546,-144.58272727272728,-272.1836363636363
75.7347619047619,-104.02666666666667,-296.07285714285706
107.24285714285713,-66.0895238095238,-325.2228571428571
144.53714285714284,-36.080952380952375,-351.51857142857153
180.8319047619048,-15.931428571428572,-390.45619047619056
220.34095238095242,-4.714761904761905,-425.39380952380947
259.5639130434783,-2.6739130434782608,-467.0743478260871
297.5742857142857,-12.50190476190476,-507.19952380952367
305.5080952380952,25.50666666666666,-429.2523809523809
261.9228571428571,23.078571428571426,-387.07000000000016
223.69363636363641,14.525454545454544,-345.4968181818183
186.04863636363643,-8.728181818181818,-308.9418181818182
149.2538095238095,-33.437619047619044,-273.0695238095238
113.24380952380955,-69.94761904761904,-239.98571428571432
80.06545454545454,-113.00727272727273,-213.1204545454546
53.441428571428574,-159.18238095238092,-198.12142857142862
36.15285714285714,-208.62238095238104,-183.7614285714286
25.579523809523806,-269.7123809523809,-176.6861904761905
27.007619047619045,-324.2942857142857,-175.47285714285712
29.72428571428571,-382.5252380952382,-180.332380952381
43.16954545454545,-447.11045454545456,-194.23181818181823
57.156666666666666,-496.05142857142874,-216.9095238095239
79.52,-544.0227272727271,-244.2872727272728
114.1004761904762,-591.292857142857,-272.2838095238095
143.90090909090907,-626.8172727272727,-303.5554545454545
183.61857142857147,-653.2333333333332,-338.7985714285714
222.48571428571432,-676.0985714285714,-382.2390476190477
264.0666666666667,-684.0985714285714,-421.53476190476187
306.86476190476185,-680.5985714285714,-464.3309523809524
346.2304761904762,-670.5261904761904,-506.9147619047618
389.099523809524,-651.0185714285714,-547.9238095238094
432.6090476190476,-612.5799999999998,-588.220476190476
464.1890476190477,-570.855238095238,-620.1547619047617
493.83571428571435,-518.2014285714283,-645.3742857142856
517.9157142857141,-468.69047619047626,-666.954761904762
533.3461904761904,-406.6723809523811,-678.67
539.9209523809523,-351.1604761904763,-683.5985714285714
539.4919047619046,-287.78428571428566,-680.5985714285714
531.345238095238,-229.2028571428572,-671.2414285714285
521.3442857142855,-171.97,-654.732857142857
496.7661904761905,-121.88714285714289,-625.0157142857142
473.4057142857144,-72.66238095238094,-593.9352380952379
436.89571428571423,-35.43857142857142,-556.3542857142857
397.8142857142858,-5.071428571428571,-522.9871428571427
479.4057142857144,-22.36523809523809,-523.5585714285712
510.27190476190464,-51.43952380952381,-552.8542857142857
541.2795238095238,-91.87809523809523,-588.0766666666665
565.7828571428571,-144.96666666666664,-614.438095238095
587.290476190476,-201.55000000000004,-632.66
594.9681818181816,-263.58863636363645,-642.9777272727272
598.0071428571426,-331.2228571428571,-650.5904761904761
592.4352380952379,-392.74285714285725,-648.7314285714285
579.8954545454544,-457.13636363636374,-641.000909090909
556.5747826086955,-516.3904347826085,-618.4804347826085
530.6319047619046,-568.7123809523808,-596.0071428571426
496.21363636363634,-616.106818181818,-559.7081818181817
452.39478260869566,-654.4882608695652,-521.2173913043476
405.8857142857144,-682.5985714285714,-477.33428571428584
364.45363636363646,-698.0163636363637,-433.8822727272727
320.15142857142854,-703.4619047619049,-389.457142857143
276.35571428571427,-697.9595238095238,-345.5885714285715
233.05952380952385,-681.5990476190476,-300.35999999999996
187.95818181818188,-652.9345454545454,-258.61090909090916
150.5390476190476,-617.940476190476,-224.27190476190475
117.91636363636367,-573.0736363636362,-191.1386363636364
91.24863636363635,-522.2668181818179,-165.92681818181816
72.2342857142857,-464.474761904762,-144.25190476190477
60.588095238095235,-400.24285714285725,-130.102380952381
54.513333333333335,-338.5133333333334,-120.74428571428574
58.51523809523809,-276.2128571428571,-119.53000000000003
74.30523809523808,-214.5519047619048,-125.88714285714289
89.52142857142856,-157.18285714285713,-143.53714285714284
110.31380952380952,-106.95714285714286,-157.9685714285714
141.58136363636365,-63.76727272727272,-186.59409090909097
179.4733333333334,-25.866190476190475,-219.2695238095238
219.912380952381,4.0,-257.2052380952381
265.6385714285714,25.008571428571425,-298.3604761904761
308.32909090909084,35.12363636363636,-343.4513636363637
352.5176190476191,38.22428571428571,-386.5933333333335
402.6000000000001,28.009523809523806,-432.3238095238095
394.1709523809525,45.93857142857142,-344.8733333333334
350.23285714285726,42.86714285714285,-300.3623809523809
301.5042857142857,32.080952380952375,-253.27619047619052
259.2785714285715,10.858571428571429,-215.05285714285722
218.9828571428572,-12.50238095238095,-178.90142857142857
180.33095238095243,-54.65571428571428,-141.46571428571428
152.82476190476189,-99.16761904761904,-108.17142857142859
127.80272727272732,-150.10681818181817,-88.86090909090909
111.77863636363637,-204.45909090909097,-72.49681818181817
103.8847619047619,-267.64047619047614,-63.589523809523804
96.91,-321.08,-59.675
99.30999999999999,-387.24142857142874,-69.59047619047618
110.67190476190477,-461.902380952381,-81.44857142857143
129.64454545454552,-514.6295454545452,-105.43636363636365
154.18238095238092,-568.4271428571427,-129.24476190476193
187.33476190476196,-616.5099999999998,-163.04
227.37681818181827,-656.2772727272727,-200.98181818181823
266.0676190476191,-680.7414285714285,-238.13142857142861
309.86523809523806,-700.46,-282.4271428571428
354.447142857143,-711.8938095238098,-329.15190476190475
399.74285714285725,-713.6800000000002,-370.44809523809533
443.60999999999996,-701.319523809524,-416.03238095238106
488.1919047619049,-676.17,-466.04619047619053
536.8069565217389,-640.53,-504.8399999999998
574.6423809523809,-594.578095238095,-537.9195238095238
605.9361904761903,-541.5638095238094,-568.2842857142856
626.5866666666666,-483.6914285714287,-593.6490476190475
643.8028571428571,-415.81809523809534,-603.0785714285712
653.615909090909,-348.77045454545464,-610.1045454545452
654.1626086956521,-279.78739130434775,-608.6947826086954
643.16,-221.6980952380953,-598.9357142857141
627.6576190476189,-161.04,-578.4295238095236
603.0790476190474,-103.38333333333333,-552.7114285714285
571.5699999999999,-53.86952380952381,-522.2014285714283
531.2738095238094,-16.36047619047619,-484.6914285714287
488.3357142857144,13.073333333333334,-442.7528571428571
564.7833333333332,-18.576190476190476,-429.3238095238095
595.3642857142855,-46.08142857142857,-463.8314285714286
627.2295238095237,-88.37904761904761,-494.62238095238104
657.5204761904761,-139.10523809523815,-525.130476190476
675.5985714285714,-194.9785714285715,-544.637619047619
692.6004761904762,-255.13380952380953,-558.4257142857142
697.5381818181819,-323.8754545454545,-561.7536363636362
693.1014285714286,-390.95666666666676,-558.2828571428571
681.3128571428572,-459.1147619047619,-550.7109523809523
658.3780952380952,-515.4871428571427,-529.9876190476189
631.4447619047618,-571.9266666666665,-506.2699999999999
593.1495238095237,-623.6576190476189,-474.9000000000001
550.64,-662.88,-437.0385714285714
509.3786363636363,-691.5345454545454,-391.25772727272744
461.7754545454546,-709.2009090909092,-346.93000000000006
415.9604761904763,-713.7514285714287,-303.2190476190476
373.44904761904775,-708.3923809523811,-259.2790476190477
323.3981818181818,-694.6027272727273,-212.4372727272728
283.38333333333327,-663.8554166666667,-171.72958333333335
245.13190476190482,-634.8028571428571,-132.5319047619048
209.9080952380953,-587.9352380952379,-98.3104761904762
188.4780952380953,-536.1333333333332,-67.8047619047619
165.54,-481.1200000000001,-45.43857142857142
154.93130434782606,-413.7117391304349,-25.507391304347824
148.8957142857143,-348.1604761904763,-21.647619047619045
150.61095238095237,-285.64142857142855,-19.576666666666664
159.17636363636362,-223.14772727272737,-27.689999999999998
170.9704761904762,-172.82666666666668,-44.51
193.9785714285715,-120.38714285714289,-61.23047619047619
220.3404761904762,-75.59047619047618,-85.7342857142857
254.77619047619052,-30.937142857142856,-122.81571428571431
297.07333333333327,0.5719047619047621,-162.04047619047617
340.65761904761905,21.93523809523809,-203.04761904761912
387.38380952380965,38.51,-246.77476190476193
432.10952380952375,41.29571428571428,-294.64380952380947
479.04857142857156,34.01,-340.2276190476191
471.33428571428584,26.008571428571422,-245.48857142857148
426.25,25.579047619047618,-199.33571428571435
379.59476190476204,11.931428571428572,-159.7542857142857
341.44190476190477,-12.430952380952382,-118.88714285714289
299.71904761904756,-44.15285714285714,-82.87714285714284
264.42476190476197,-86.9490476190476,-51.58428571428571
236.41714285714292,-128.17333333333337,-22.435714285714283
214.48047619047625,-176.18619047619046,-5.762380952380953
203.26428571428576,-232.7028571428572,9.785714285714286
194.83571428571435,-288.6428571428571,17.217619047619046
200.9071428571429,-342.8009523809524,18.289047619047615
203.4790476190477,-406.3857142857144,13.071904761904761
215.7676190476191,-465.26047619047625,-4.5
235.13047619047623,-526.5585714285712,-23.720476190476187
255.204761904762,-575.4290476190475,-53.011428571428574
291.3321739130434,-617.3708695652172,-84.9995652173913
328.29476190476186,-655.2333333333332,-125.1019047619048
362.5445454545456,-680.6927272727272,-161.22181818181818
408.4576190476192,-699.1742857142858,-205.26428571428582
453.18333333333334,-708.3214285714288,-250.27523809523808
496.83761904761894,-703.7476190476192,-292.7147619047618
538.6347619047618,-691.1704761904762,-336.7266666666667
585.2919047619046,-663.0242857142857,-377.59238095238106
625.7221739130433,-625.6582608695651,-417.62695652173915
664.3814285714286,-580.0733333333332,-450.46761904761905
696.6019047619048,-527.4871428571427,-474.9771428571429
717.9657142857145,-468.262380952381,-497.12380952380954
730.3947619047622,-402.74285714285725,-506.12857142857126
733.8961904761907,-340.37047619047615,-509.2719047619047
728.3233333333335,-279.4985714285714,-507.48619047619036
718.6800000000002,-217.34863636363642,-501.3304545454544
697.7442857142858,-157.7538095238095,-481.33428571428584
675.2414285714285,-108.45714285714287,-453.89809523809527
639.3645454545454,-60.560909090909085,-418.8795454545454
605.5071428571426,-23.93523809523809,-379.452380952381
558.7828571428571,-1.2857142857142858,-337.29714285714283
625.7999999999998,-34.93857142857142,-326.36571428571426
650.7338095238094,-57.086666666666666,-355.4466666666668
683.2414285714285,-93.45047619047618,-388.2414285714287
712.5366666666669,-143.32190476190476,-417.03238095238106
736.8276190476192,-195.47857142857148,-436.89571428571423
747.616666666667,-249.34619047619054,-447.11095238095237
760.261428571429,-312.72190476190474,-452.5395238095238
756.0471428571432,-375.0933333333335,-451.1819047619048
749.4752380952384,-433.7528571428571,-444.18142857142857
732.5380952380955,-486.33428571428584,-430.1757142857142
709.6109090909093,-541.4995454545453,-408.78318181818196
677.8128571428572,-588.2199999999998,-384.5961904761906
636.3028571428571,-630.7309523809523,-351.4466666666668
594.2214285714284,-657.4499999999999,-310.58
549.352857142857,-682.5271428571428,-268.497619047619
507.4142857142856,-688.6004761904762,-221.55571428571434
467.19000000000005,-685.8133333333333,-180.6880952380953
428.17952380952374,-673.0266666666666,-138.81904761904764
386.7572727272729,-650.3427272727272,-102.77681818181819
351.0900000000001,-621.4414285714284,-67.5195238095238
322.58,-579.5742857142856,-32.15285714285714
297.0023809523809,-535.9180952380951,-3.857142857142857
277.07,-489.3357142857144,18.504285714285714
264.0659090909091,-428.42772727272717,31.57772727272727
257.34714285714296,-372.59238095238106,41.080952380952375
252.27523809523817,-320.36571428571426,43.29571428571428
258.77857142857147,-262.7809523809524,35.65285714285714
266.8726086956521,-210.05043478260876,25.05086956521739
284.4280952380952,-158.39714285714285,13.834761904761907
309.507619047619,-116.17238095238096,-14.144761904761904
341.53000000000003,-74.24222222222221,-39.12111111111111
377.664761904762,-39.36714285714285,-71.16285714285713
417.3180952380952,-13.931904761904761,-108.31428571428573
460.6161904761905,0.35714285714285715,-146.75238095238097
501.05476190476196,6.43,-189.26380952380958
543.4209523809523,1.4285714285714286,-235.20190476190484
529.5595238095236,-19.218095238095238,-145.68
489.76333333333343,-27.07857142857143,-107.95809523809524
453.46999999999997,-45.582380952380944,-75.5195238095238
417.81714285714304,-68.5195238095238,-39.86714285714285
382.66761904761916,-104.59857142857143,-10.572857142857142
354.9466666666668,-138.82000000000002,17.431428571428572
334.2961904761904,-185.11857142857147,33.79523809523809
316.7942857142857,-225.91523809523815,52.65428571428571
306.6918181818181,-273.205909090909,59.946363636363635
302.07619047619045,-326.2228571428571,60.80238095238095
309.15095238095233,-374.59285714285727,61.30095238095238
313.44363636363636,-425.2895454545455,53.808181818181815
332.86809523809524,-482.33476190476193,34.509523809523806
347.73095238095243,-521.3438095238093,17.075714285714284
379.5233333333334,-567.14,-8.644285714285715
409.9585714285716,-598.9352380952379,-37.29571428571428
441.46714285714285,-623.1576190476189,-74.02
480.1914285714287,-643.3028571428571,-107.02857142857142
516.8109090909089,-655.6640909090909,-140.14954545454546
558.4008695652172,-658.86,-177.4986956521739
592.7209523809522,-652.6619047619047,-213.05095238095245
628.8014285714285,-634.3742857142856,-249.49
667.812380952381,-610.2942857142856,-285.4271428571428
702.9619047619049,-574.2852380952379,-314.86571428571426
732.1127272727275,-532.7004545454544,-337.72136363636366
752.6895238095242,-488.04857142857156,-355.0895238095239
764.4047619047622,-438.60999999999996,-371.0200000000001
775.2628571428575,-382.38238095238114,-381.0228571428573
776.6933333333336,-333.9390476190476,-379.09428571428583
768.060434782609,-277.1786956521739,-374.3095652173914
754.6218181818185,-226.4227272727273,-363.499090909091
737.111904761905,-178.47333333333336,-338.9414285714286
710.0886363636365,-128.89363636363643,-310.8522727272727
678.9552380952381,-91.59190476190476,-279.14142857142855
642.16,-58.65761904761904,-241.06047619047627
603.0076190476188,-34.93809523809524,-196.33571428571435
660.9519047619048,-83.52047619047619,-210.19333333333338
680.8842857142857,-100.5247619047619,-234.70190476190479
709.6790476190478,-127.03000000000003,-268.9252380952381
737.3266666666668,-165.96904761904761,-295.4309523809523
755.6176190476193,-207.12142857142868,-315.0795238095238
771.0554545454547,-253.2204545454546,-331.2395454545454
780.1947619047622,-292.85761904761904,-340.8
783.4700000000001,-346.4518181818182,-344.81590909090914
779.124285714286,-391.95714285714297,-341.01523809523815
771.6195238095241,-440.0385714285714,-326.93761904761897
752.3323809523813,-489.0490476190477,-314.86523809523806
730.5376190476192,-527.4157142857141,-297.4319047619047
706.4652380952383,-565.3542857142857,-271.64095238095234
672.3838095238095,-589.3623809523807,-241.7028571428572
643.0171428571427,-613.0095238095236,-205.4790476190477
608.1509523809522,-632.5166666666667,-171.68428571428572
574.7133333333333,-629.1595238095238,-135.67523809523811
542.4219047619047,-626.7999999999998,-106.52857142857142
505.27095238095234,-610.6499999999999,-73.59142857142857
474.33428571428584,-591.5785714285712,-39.79571428571428
444.9968181818182,-563.4581818181817,-13.092272727272727
417.53285714285715,-530.1314285714284,12.78714285714286
401.6714285714287,-491.33476190476205,33.437619047619044
383.0961904761906,-448.3242857142857,55.22714285714286
371.8304347826088,-403.0782608695653,62.75565217391304
363.87571428571437,-357.37571428571437,66.35142857142857
365.5900000000001,-310.7938095238095,67.09095238095237
371.01904761904774,-269.8542857142857,62.301428571428566
383.4538095238097,-223.84238095238098,52.156190476190474
402.3142857142858,-188.9780952380953,35.86619047619047
425.6090476190475,-147.8957142857143,15.288095238095238
452.6833333333333,-112.31476190476191,-4.785714285714286
483.26285714285723,-90.09238095238095,-32.58142857142857
516.9157142857141,-71.16285714285713,-69.37619047619047
554.2828571428571,-59.30047619047619,-102.95666666666665
586.0052380952378,-61.87428571428571,-137.17714285714288
564.9234782608694,-103.4617391304348,-64.12521739130435
534.9176190476189,-113.31523809523812,-34.43857142857142
510.3438095238094,-134.8171428571429,-11.358571428571427
482.84727272727287,-159.58545454545452,15.002272727272725
460.5447619047619,-189.5480952380953,32.2947619047619
444.8242857142857,-220.34190476190483,47.367619047619044
426.67999999999995,-252.84619047619054,61.016666666666666
416.03142857142865,-292.1423809523809,65.3742857142857
415.8166666666667,-332.15142857142854,66.16142857142856
419.8909523809524,-371.0195238095239,63.732857142857135
426.68095238095225,-407.88619047619056,58.30095238095238
437.56454545454545,-445.8831818181818,46.44272727272727
452.7036363636364,-484.27909090909105,29.66772727272727
469.76285714285723,-512.1290476190475,16.645238095238092
492.9790476190476,-538.6333333333332,-8.142857142857142
516.272857142857,-561.4257142857142,-33.29523809523809
543.0004545454544,-578.9399999999998,-63.22272727272727
570.5973913043478,-586.5821739130433,-83.56260869565217
605.0071428571426,-592.7214285714284,-115.24428571428574
631.9322727272727,-585.966818181818,-141.78636363636363
658.5919047619047,-575.5009523809522,-172.04190476190473
690.1709523809524,-556.2114285714285,-202.97857142857148
713.894285714286,-532.6319047619046,-230.06000000000006
736.5400000000003,-495.76571428571435,-248.7033333333334
753.4033333333336,-462.1880952380953,-270.56857142857143
769.261428571429,-420.5342857142858,-280.4271428571428
777.694285714286,-381.0233333333334,-282.35571428571427
777.4804761904766,-340.01476190476194,-286.21333333333325
773.476666666667,-298.0742857142856,-284.35571428571427
765.6185714285717,-260.7085714285714,-274.0695238095238
751.5471428571432,-222.1276190476191,-261.7804761904762
736.6823809523812,-187.61904761904765,-241.98857142857148
714.894285714286,-154.54,-220.34095238095242
690.8147619047619,-129.95904761904765,-191.62142857142865
660.2376190476191,-116.31523809523812,-157.9685714285714
629.6591666666666,-104.02625,-129.0933333333334
650.517619047619,-149.68047619047618,-112.88666666666668
669.5257142857142,-155.7538095238095,-130.38857142857145
692.5290476190477,-169.9695238095238,-156.39714285714285
710.4652380952383,-187.90523809523816,-179.90380952380957
726.1085714285716,-213.12333333333342,-195.05000000000004
741.3804347826089,-244.6908695652175,-213.31217391304358
750.1176190476193,-273.14047619047614,-224.48476190476197
761.6900000000003,-307.7209523809523,-233.4876190476191
759.9042857142861,-340.3704761904762,-233.91714285714292
764.6900000000003,-376.02238095238107,-234.63142857142861
755.1900000000003,-409.8876190476192,-227.5580952380953
743.8295238095241,-439.3242857142857,-220.2700000000001
728.5282608695654,-472.29304347826104,-208.35434782608706
709.2504761904763,-498.55238095238104,-189.19190476190482
695.4595238095238,-518.4157142857141,-168.18333333333334
668.8842857142857,-538.5619047619047,-142.03666666666666
643.517619047619,-549.925238095238,-117.31428571428573
620.4736363636362,-551.2531818181817,-95.13590909090908
592.5066666666664,-549.425238095238,-74.30523809523808
571.6419047619047,-541.9938095238094,-51.868095238095236
549.3533333333332,-529.9166666666665,-27.437142857142856
528.4157142857141,-511.8428571428571,-7.786190476190476
511.62857142857126,-491.26380952380964,9.714761904761904
494.57590909090925,-462.04863636363643,27.14454545454545
482.97761904761916,-433.89571428571423,42.29571428571428
474.6645454545456,-402.85000000000014,47.87409090909091
467.1885714285715,-370.51952380952395,56.58571428571428
468.11869565217404,-339.99695652173915,55.70869565217391
472.1914285714287,-303.7919047619047,55.227619047619044
474.26285714285723,-273.85571428571427,51.2252380952381
489.32500000000005,-242.58272727272734,40.714090909090906
506.03727272727264,-217.68954545454554,30.690909090909088
522.4157142857141,-193.12047619047627,16.36
548.352857142857,-172.6157142857143,-11.50095238095238
575.4280952380951,-157.89714285714285,-32.86666666666666
600.792857142857,-147.7514285714286,-57.94380952380952
570.7842857142856,-208.55047619047625,-6.571428571428571
552.8533333333332,-226.48714285714289,5.214285714285714
535.0070833333331,-245.8100000000001,20.881249999999998
522.6299999999998,-264.35095238095244,30.080476190476187
515.8572727272725,-288.06999999999994,38.66863636363636
508.3433333333332,-314.9366666666666,40.580952380952375
505.0561904761904,-341.872380952381,43.51047619047618
506.8678260869564,-368.3073913043479,40.183913043478256
511.8340909090908,-393.23636363636376,34.305
516.5585714285712,-417.6761904761905,31.65238095238095
527.4876190476189,-439.10999999999996,24.291428571428565
541.492857142857,-462.8309523809525,8.643333333333333
554.1168181818181,-480.93818181818193,-7.841818181818181
575.3580952380952,-492.2642857142858,-23.07761904761904
588.9352380952379,-504.41238095238094,-42.58142857142857
605.4681818181816,-512.5840909090907,-59.40090909090909
629.6590476190476,-512.8433333333332,-78.59142857142857
646.5890476190475,-509.7004761904761,-97.66714285714285
666.3828571428572,-501.125238095238,-116.88714285714289
684.3842857142857,-489.33428571428584,-135.53333333333336
701.1757142857144,-474.97666666666674,-154.54
716.6345454545457,-451.74772727272733,-169.60954545454547
731.3947619047622,-428.18047619047604,-182.44857142857143
736.8795652173915,-406.86173913043496,-189.70130434782618
741.6237500000002,-375.7179166666668,-194.61250000000007
747.1161904761908,-347.3028571428572,-196.33571428571435
748.4028571428574,-323.65142857142854,-195.4066666666667
739.5414285714289,-291.99952380952374,-187.12000000000006
732.2538095238098,-268.42523809523806,-177.32857142857142
719.498181818182,-244.96909090909097,-170.90409090909088
706.7504761904763,-227.2014285714286,-152.4680952380952
692.8147619047619,-209.40857142857146,-133.7466666666667
675.9881818181818,-194.43590909090915,-116.96181818181822
656.0909523809523,-192.4785714285715,-94.09380952380951
636.8742857142856,-185.04761904761912,-74.73380952380951
617.2957142857141,-191.0495238095239,-52.79714285714286
608.2219047619046,-226.1280952380953,-40.628571428571426
625.8719047619046,-219.84142857142862,-51.51095238095238
638.9457142857142,-219.91333333333338,-70.80523809523808
656.0722727272728,-221.30454545454552,-87.56590909090909
668.0252380952381,-227.98714285714289,-103.09761904761903
682.3128571428572,-235.63142857142861,-113.31523809523812
698.6963636363637,-248.72045454545466,-127.87181818181824
707.2245454545456,-266.72681818181815,-142.39954545454546
716.9652380952383,-284.9985714285714,-148.53857142857143
722.9843478260871,-302.61913043478256,-157.73565217391302
729.394285714286,-328.65190476190475,-162.68285714285713
724.8947619047622,-346.5171428571429,-165.4685714285714
725.8947619047622,-372.0204761904763,-167.11142857142855
720.1800000000002,-395.0285714285715,-164.54047619047617
716.2017391304349,-414.23347826086973,-158.06173913043477
705.1775000000001,-431.8587500000001,-147.60041666666666
694.3152380952381,-447.96809523809526,-133.03238095238098
680.5985714285714,-465.1885714285715,-120.6014285714286
667.8114285714286,-472.6914285714287,-108.02904761904763
651.9471428571428,-480.9057142857144,-92.94999999999999
636.4457142857142,-486.47714285714295,-75.87666666666667
620.512857142857,-481.26333333333343,-63.661428571428566
602.1272727272725,-477.52909090909105,-44.805454545454545
591.6495238095237,-472.1190476190477,-29.366666666666664
577.2866666666665,-459.4009523809524,-14.429999999999998
565.9980952380952,-448.2528571428571,-0.7857142857142857
554.7986363636363,-428.7,6.682272727272727
543.9952380952379,-411.53095238095244,14.86047619047619
537.4749999999999,-389.5545454545456,22.164090909090906
534.132857142857,-368.3761904761906,25.866190476190475
534.6323809523808,-347.73095238095243,29.436666666666664
538.7022727272725,-326.6031818181818,28.235
543.0642857142857,-302.4338095238095,23.36333333333333
548.7099999999999,-282.7128571428571,17.503809523809522
561.8218181818181,-265.6359090909091,8.56909090909091
573.9995238095237,-249.2038095238096,-3.4285714285714284
546.9247619047618,-313.9371428571428,17.075238095238095
545.8519047619047,-333.79714285714283,18.075238095238095
544.7080952380951,-357.3042857142858,22.43428571428571
542.0934782608693,-371.1782608695653,17.415652173913042
544.707619047619,-393.1000000000001,16.288571428571426
552.2828571428571,-408.6719047619049,8.571904761904761
559.8542857142857,-422.03476190476187,-1.2142857142857142
571.2833333333332,-438.0385714285714,-3.642857142857143
575.9999999999999,-451.96761904761905,-17.645714285714284
595.0071428571426,-459.8290476190477,-29.57999999999999
605.9454545454544,-467.91409090909104,-42.487272727272725
619.2791666666665,-470.55666666666684,-62.76749999999999
640.0730434782608,-470.20565217391317,-77.30260869565217
650.8204545454545,-468.5272727272728,-90.97454545454545
663.3630434782608,-460.4847826086957,-105.68000000000002
677.8128571428572,-450.3257142857143,-118.95857142857146
688.3138095238095,-436.8242857142857,-132.17523809523814
700.2476190476192,-423.8223809523809,-139.74809523809526
705.9647619047621,-404.74380952380966,-145.96571428571428
715.3223809523812,-392.17047619047634,-154.32523809523806
718.6085714285716,-370.94904761904775,-157.89714285714285
719.4652380952383,-349.1609523809525,-157.04
716.5366666666669,-329.5804761904762,-157.39666666666665
713.0366666666669,-309.2938095238095,-151.89714285714285
706.5366666666669,-290.3566666666667,-144.4661904761905
699.6042857142859,-273.7838095238095,-136.03285714285718
690.8138095238095,-262.06619047619046,-125.1014285714286
680.9561904761905,-248.6319047619048,-111.52857142857142
664.9404545454546,-239.99181818181825,-99.16045454545456
652.3047619047619,-236.27380952380958,-84.7342857142857
640.3028571428571,-234.56000000000006,-74.09142857142857
622.1557142857141,-235.7028571428572,-57.44190476190476
608.6049999999998,-239.58272727272734,-43.98863636363636
596.7219047619045,-247.84619047619054,-27.365238095238094
580.9314285714283,-262.20809523809527,-16.216190476190473
568.2123809523808,-280.9271428571428,-2.642857142857143
553.925238095238,-299.5042857142857,1.214761904761905
563.2828571428571,-279.9985714285714,-4.142857142857143
570.4145454545452,-267.4090909090909,-14.319999999999999
583.9323809523808,-256.56285714285724,-27.22142857142857
597.792857142857,-242.06047619047627,-36.509523809523806
614.0814285714283,-233.48809523809527,-54.01285714285714
626.0866666666666,-232.34571428571434,-67.51904761904761
646.3742857142856,-230.34571428571434,-81.09142857142857
659.4154545454545,-236.3781818181819,-96.90954545454544
670.812380952381,-241.27428571428578,-112.03
680.7414285714285,-252.56142857142865,-125.24476190476194
694.172380952381,-267.28142857142865,-133.67523809523814
702.8016666666667,-283.88249999999994,-145.35
708.9657142857145,-299.0747619047619,-154.03809523809522
716.5366666666669,-318.7942857142857,-161.7542857142857
719.8228571428574,-340.5142857142858,-161.7542857142857
714.9652380952383,-360.6614285714287,-161.89714285714285
715.6085714285716,-382.9538095238097,-161.32571428571427
711.607142857143,-404.3857142857144,-158.39714285714285
703.9509090909092,-419.69772727272726,-149.9031818181818
691.9576190476191,-433.8242857142857,-137.8904761904762
683.7414285714285,-451.325238095238,-133.17523809523811
671.3838095238095,-460.75904761904764,-118.03000000000003
656.7347619047619,-472.9052380952382,-101.59619047619047
638.16,-478.54857142857156,-87.16333333333333
620.225714285714,-478.47714285714295,-71.02
608.3642857142855,-473.6200000000001,-55.083333333333336
594.1499999999997,-470.77818181818196,-40.305
580.6463636363634,-460.82045454545465,-24.96272727272727
568.855238095238,-449.8247619047619,-15.145714285714282
557.4971428571428,-432.7528571428571,-2.9285714285714284
550.2114285714285,-420.81904761904764,3.857142857142857
543.5666666666666,-398.24285714285725,13.645238095238096
539.7066666666666,-377.0938095238097,16.359523809523807
537.1334782608694,-359.4378260869566,19.569565217391304
539.2771428571427,-334.1538095238095,18.288571428571426
525.9871428571427,-394.3142857142858,19.146666666666665
529.3447619047618,-417.03142857142865,14.572380952380952
540.3404545454543,-433.3372727272727,3.8863636363636362
553.570909090909,-455.84045454545463,-9.682272727272727
562.8542857142857,-468.54666666666674,-20.219047619047615
575.2847619047618,-478.1200000000001,-33.36666666666666
588.6490476190475,-487.47761904761916,-48.01047619047618
607.5136363636361,-493.2118181818183,-66.35863636363636
624.8009523809523,-494.1928571428572,-85.2347619047619
641.7314285714285,-488.0490476190477,-104.8847619047619
657.5209523809523,-481.54857142857156,-117.45857142857146
674.8128571428572,-471.26285714285723,-135.03285714285715
691.4571428571429,-450.1114285714286,-152.4680952380952
703.7426086956523,-436.5447826086957,-162.2365217391304
711.5357142857144,-416.4614285714286,-170.04047619047617
716.7027272727274,-394.7359090909092,-178.81727272727272
722.3233333333335,-370.66238095238106,-182.83285714285716
723.3228571428574,-350.8038095238096,-185.4761904761905
720.7519047619049,-330.937619047619,-176.9719047619048
720.9652380952383,-302.5766666666666,-177.83
714.8228571428574,-283.9271428571428,-168.04047619047617
701.3895238095239,-265.3538095238095,-161.11190476190473
689.3882608695652,-244.88608695652184,-148.60391304347826
677.2414285714285,-230.9166666666667,-132.10238095238097
663.5952380952381,-221.77000000000004,-113.74428571428572
647.2314285714285,-213.8380952380953,-94.95190476190476
629.8733333333332,-214.62428571428578,-80.59142857142857
612.4231818181815,-216.87136363636372,-63.29090909090908
596.5071428571426,-221.772380952381,-50.29666666666667
579.145238095238,-234.05952380952385,-32.437619047619044
563.2536363636362,-244.56045454545463,-20.391363636363636
552.7109523809523,-258.7071428571429,-3.642857142857143
543.8514285714285,-284.3561904761904,4.5
535.0609523809522,-306.22190476190474,13.430476190476188
528.345238095238,-328.43809523809523,20.147619047619045
523.4876190476189,-351.23285714285726,18.86142857142857
