,0,1,2
0,-0.030000000000000016,-0.012380952380952385,0.009047619047619049
1,-0.030000000000000016,-0.01047619047619048,0.007142857142857143
2,-0.030000000000000016,-0.011904761904761908,0.009047619047619049
3,-0.030000000000000016,-0.012380952380952385,0.009047619047619049
4,-0.030000000000000016,-0.011428571428571429,0.010000000000000002
5,-0.030000000000000016,-0.010952380952380955,0.009523809523809526
6,-0.030000000000000016,-0.01142857142857143,0.009523809523809526
7,-0.030000000000000016,-0.010000000000000002,0.010000000000000002
8,-0.030000000000000016,-0.010952380952380955,0.010000000000000002
9,-0.030000000000000016,-0.011904761904761908,0.010000000000000002
10,-0.030000000000000016,-0.013333333333333334,0.010000000000000002
11,-0.030000000000000016,-0.010952380952380953,0.010000000000000002
12,-0.030000000000000016,-0.01142857142857143,0.010000000000000002
13,-0.030000000000000016,-0.011904761904761904,0.010000000000000002
14,-0.030000000000000016,-0.010952380952380956,0.009523809523809526
15,-0.030000000000000016,-0.010476190476190477,0.010000000000000002
16,-0.030000000000000016,-0.01142857142857143,0.010000000000000002
17,-0.030000000000000016,-0.011904761904761908,0.009523809523809526
18,-0.030000000000000016,-0.012380952380952381,0.010000000000000002
19,-0.030000000000000016,-0.012380952380952385,0.009523809523809526
20,-0.030000000000000016,-0.011904761904761904,0.009047619047619049
21,-0.030000000000000016,-0.01142857142857143,0.008095238095238096
22,-0.030000000000000016,-0.01142857142857143,0.009523809523809526
23,-0.030000000000000016,-0.012380952380952385,0.010000000000000002
24,-0.030000000000000016,-0.012380952380952381,0.009523809523809526
25,-0.030000000000000016,-0.01142857142857143,0.009047619047619049
26,-0.030000000000000016,-0.011904761904761908,0.009523809523809526
27,-0.030000000000000016,-0.012380952380952385,0.010000000000000002
28,-0.030000000000000016,-0.011904761904761904,0.010000000000000002
29,-0.030000000000000016,-0.010952380952380955,0.010000000000000002
30,-0.030000000000000016,-0.01142857142857143,0.010000000000000002
31,-0.030000000000000016,-0.010952380952380953,0.010000000000000002
32,-0.030000000000000016,-0.011904761904761908,0.010000000000000002
33,-0.030000000000000016,-0.012380952380952385,0.010000000000000002
34,-0.030000000000000016,-0.010476190476190477,0.010000000000000002
35,-0.030000000000000016,-0.012380952380952381,0.010000000000000002
36,-0.030000000000000016,-0.013333333333333334,0.009047619047619049
37,-0.03142857142857144,-0.014761904761904764,0.007142857142857143
38,-0.031428571428571445,-0.013333333333333334,0.007619047619047619
39,-0.030476190476190494,-0.01285714285714286,0.009523809523809526
40,-0.030000000000000016,-0.010000000000000002,0.010000000000000002
41,-0.030000000000000016,-0.01142857142857143,0.010000000000000002
42,-0.030000000000000016,-0.01142857142857143,0.010000000000000002
43,-0.030476190476190494,-0.014285714285714287,0.007619047619047619
44,-0.030000000000000016,-0.013333333333333334,0.010000000000000002
45,-0.030476190476190487,-0.014285714285714287,0.006666666666666666
46,-0.030000000000000016,-0.012380952380952381,0.009523809523809526
47,-0.030000000000000016,-0.014761904761904764,0.008095238095238096
48,-0.030000000000000016,-0.014761904761904764,0.008095238095238096
49,-0.030476190476190494,-0.015238095238095242,0.008095238095238096
50,-0.030000000000000016,-0.013333333333333338,0.006190476190476189
51,-0.030476190476190494,-0.015714285714285715,0.007619047619047619
52,-0.030000000000000016,-0.013333333333333332,0.010000000000000002
53,-0.030000000000000016,-0.011428571428571434,0.010000000000000002
54,-0.030000000000000016,-0.013809523809523811,0.010000000000000002
55,-0.030000000000000016,-0.011904761904761908,0.009523809523809526
56,-0.030000000000000016,-0.012380952380952381,0.009523809523809526
57,-0.030000000000000016,-0.01142857142857143,0.010000000000000002
58,-0.030000000000000016,-0.012857142857142859,0.009523809523809526
59,-0.030000000000000016,-0.01190476190476191,0.010000000000000002
60,-0.030000000000000016,-0.01142857142857143,0.008571428571428572
61,-0.030000000000000016,-0.010952380952380955,0.009047619047619049
62,-0.030000000000000016,-0.011904761904761904,0.008095238095238096
63,-0.030000000000000016,-0.01285714285714286,0.009523809523809526
64,-0.030000000000000016,-0.01142857142857143,0.009523809523809526
65,-0.030000000000000016,-0.013333333333333334,0.009523809523809526
66,-0.030000000000000016,-0.012380952380952385,0.009523809523809526
67,-0.030000000000000016,-0.010952380952380955,0.006666666666666666
68,-0.030000000000000016,-0.012857142857142859,0.009047619047619049
69,-0.030000000000000016,-0.012857142857142859,0.008571428571428572
70,-0.030000000000000016,-0.01142857142857143,0.007142857142857143
71,-0.030000000000000016,-0.012380952380952381,0.007142857142857143
72,-0.030000000000000016,-0.010952380952380955,0.008571428571428572
73,-0.030000000000000016,-0.011904761904761908,0.009047619047619049
74,-0.030000000000000016,-0.012380952380952385,0.009523809523809526
75,-0.030000000000000016,-0.01142857142857143,0.009047619047619049
76,-0.030000000000000016,-0.01285714285714286,0.008571428571428572
77,-0.030000000000000016,-0.011904761904761908,0.010000000000000002
78,-0.030000000000000016,-0.012380952380952381,0.010000000000000002
79,-0.030000000000000016,-0.011904761904761908,0.009523809523809526
80,-0.030000000000000016,-0.011428571428571432,0.009523809523809526
81,-0.030000000000000016,-0.011904761904761904,0.010000000000000002
82,-0.030000000000000016,-0.012380952380952381,0.010000000000000002
83,-0.030000000000000016,-0.011904761904761904,0.010000000000000002
84,-0.030000000000000016,-0.012857142857142859,0.009523809523809526
85,-0.030000000000000016,-0.011904761904761908,0.010000000000000002
86,-0.030000000000000016,-0.012857142857142859,0.009523809523809526
87,-0.030000000000000016,-0.012380952380952385,0.010000000000000002
88,-0.030000000000000016,-0.012857142857142859,0.010000000000000002
89,-0.030000000000000016,-0.011428571428571432,0.009523809523809526
90,-0.030000000000000016,-0.01142857142857143,0.009523809523809526
91,-0.030000000000000016,-0.011904761904761904,0.010000000000000002
92,-0.030000000000000016,-0.013333333333333338,0.009523809523809526
93,-0.030000000000000016,-0.01190476190476191,0.009523809523809526
94,-0.030000000000000016,-0.013333333333333338,0.009047619047619049
95,-0.030000000000000016,-0.013333333333333334,0.007142857142857143
96,-0.030000000000000016,-0.013809523809523811,0.008571428571428572
97,-0.030000000000000016,-0.013333333333333334,0.008571428571428572
98,-0.030000000000000016,-0.013333333333333338,0.009523809523809526
99,-0.030000000000000016,-0.012380952380952381,0.009047619047619049
100,-0.030000000000000016,-0.012380952380952381,0.010000000000000002
101,-0.030000000000000016,-0.012857142857142859,0.010000000000000002
102,-0.030000000000000016,-0.014285714285714287,0.010000000000000002
103,-0.030000000000000016,-0.011904761904761908,0.009523809523809526
104,-0.030000000000000016,-0.012857142857142859,0.010000000000000002
105,-0.030000000000000016,-0.013333333333333334,0.010000000000000002
106,-0.030000000000000016,-0.011428571428571432,0.010000000000000002
107,-0.030000000000000016,-0.01142857142857143,0.010000000000000002
108,-0.030000000000000016,-0.01142857142857143,0.010000000000000002
109,-0.030000000000000016,-0.01142857142857143,0.010000000000000002
110,-0.030000000000000016,-0.01285714285714286,0.008095238095238096
111,-0.030000000000000016,-0.013333333333333334,0.009523809523809526
112,-0.030000000000000016,-0.012380952380952381,0.010000000000000002
113,-0.030000000000000016,-0.010952380952380955,0.010000000000000002
114,-0.030000000000000016,-0.012857142857142859,0.010000000000000002
115,-0.030000000000000016,-0.013333333333333334,0.010000000000000002
116,-0.030000000000000016,-0.011363636363636366,0.010000000000000002
117,-0.030000000000000016,-0.011818181818181821,0.010000000000000002
118,-0.030000000000000016,-0.013181818181818183,0.009545454545454548
119,-0.030000000000000016,-0.013333333333333334,0.010000000000000002
120,-0.030000000000000016,-0.010952380952380956,0.010000000000000002
121,-0.030000000000000016,-0.012727272727272728,0.010000000000000002
122,-0.030000000000000016,-0.012272727272727279,0.010000000000000002
123,-0.030000000000000016,-0.015454545454545455,0.010000000000000002
124,-0.030000000000000016,-0.011904761904761904,0.010000000000000002
125,-0.030000000000000016,-0.012857142857142859,0.010000000000000002
126,-0.030000000000000016,-0.01285714285714286,0.010000000000000002
127,-0.030000000000000016,-0.012380952380952385,0.010000000000000002
128,-0.030000000000000016,-0.012380952380952381,0.010000000000000002
129,-0.030000000000000016,-0.011904761904761904,0.009523809523809526
130,-0.030000000000000016,-0.01142857142857143,0.010000000000000002
131,-0.030000000000000016,-0.011818181818181821,0.010000000000000002
132,-0.030000000000000016,-0.011904761904761908,0.008571428571428572
133,-0.030000000000000016,-0.011904761904761908,0.008571428571428572
134,-0.030000000000000016,-0.014090909090909093,0.009090909090909092
135,-0.030000000000000016,-0.010952380952380956,0.009047619047619049
136,-0.030000000000000016,-0.013809523809523811,0.009523809523809526
137,-0.030000000000000016,-0.01142857142857143,0.008571428571428572
138,-0.030000000000000016,-0.012727272727272728,0.007272727272727273
139,-0.030000000000000016,-0.010952380952380955,0.008571428571428572
140,-0.030000000000000016,-0.01142857142857143,0.008571428571428572
141,-0.030000000000000016,-0.011904761904761908,0.009523809523809526
142,-0.030000000000000016,-0.010952380952380955,0.010000000000000002
143,-0.030000000000000016,-0.013181818181818183,0.009090909090909092
144,-0.030000000000000016,-0.012380952380952385,0.008095238095238096
145,-0.030000000000000016,-0.01142857142857143,0.008095238095238096
146,-0.030000000000000016,-0.012380952380952385,0.009523809523809526
147,-0.030000000000000016,-0.012857142857142859,0.009523809523809526
148,-0.030000000000000016,-0.01047619047619048,0.010000000000000002
149,-0.030000000000000016,-0.011428571428571432,0.009523809523809526
150,-0.030000000000000016,-0.011904761904761904,0.009047619047619049
151,-0.030000000000000016,-0.011904761904761908,0.010000000000000002
152,-0.030000000000000016,-0.011904761904761904,0.010000000000000002
153,-0.030000000000000016,-0.010952380952380955,0.010000000000000002
154,-0.030000000000000016,-0.010476190476190481,0.010000000000000002
155,-0.030000000000000016,-0.01428571428571429,0.010000000000000002
156,-0.030000000000000016,-0.010454545454545456,0.010000000000000002
157,-0.030000000000000016,-0.011904761904761904,0.010000000000000002
158,-0.030000000000000016,-0.012857142857142859,0.009047619047619049
159,-0.030000000000000016,-0.012727272727272728,0.010000000000000002
160,-0.030000000000000016,-0.013181818181818185,0.010000000000000002
161,-0.030000000000000016,-0.011818181818181821,0.009545454545454548
162,-0.030000000000000016,-0.013636363636363641,0.010000000000000002
163,-0.030000000000000016,-0.013809523809523811,0.009047619047619049
164,-0.030000000000000016,-0.011904761904761904,0.010000000000000002
165,-0.030000000000000016,-0.012272727272727274,0.009545454545454548
166,-0.030000000000000016,-0.013809523809523813,0.009523809523809526
167,-0.030000000000000016,-0.013809523809523811,0.009523809523809526
168,-0.030000000000000016,-0.013333333333333334,0.009047619047619049
169,-0.030000000000000016,-0.01142857142857143,0.008571428571428572
170,-0.030000000000000016,-0.012272727272727274,0.010000000000000002
171,-0.030000000000000016,-0.013809523809523813,0.009047619047619049
172,-0.030000000000000016,-0.012380952380952385,0.010000000000000002
173,-0.030000000000000016,-0.010952380952380955,0.010000000000000002
174,-0.030000000000000016,-0.01142857142857143,0.010000000000000002
175,-0.030000000000000016,-0.01142857142857143,0.010000000000000002
176,-0.030000000000000016,-0.011904761904761908,0.010000000000000002
177,-0.030000000000000016,-0.01142857142857143,0.010000000000000002
178,-0.030000000000000016,-0.010454545454545456,0.010000000000000002
179,-0.030000000000000016,-0.011428571428571432,0.010000000000000002
180,-0.030000000000000016,-0.010476190476190477,0.010000000000000002
181,-0.030000000000000016,-0.010476190476190477,0.010000000000000002
182,-0.030000000000000016,-0.013636363636363636,0.010000000000000002
183,-0.030000000000000016,-0.011904761904761904,0.010000000000000002
184,-0.030000000000000016,-0.011904761904761908,0.010000000000000002
185,-0.030000000000000016,-0.01285714285714286,0.009523809523809526
186,-0.030000000000000016,-0.013809523809523811,0.010000000000000002
187,-0.030000000000000016,-0.013333333333333338,0.010000000000000002
188,-0.030000000000000016,-0.013809523809523813,0.010000000000000002
189,-0.030000000000000016,-0.013636363636363641,0.010000000000000002
190,-0.030000000000000016,-0.01285714285714286,0.010000000000000002
191,-0.030000000000000016,-0.011818181818181818,0.010000000000000002
192,-0.030000000000000016,-0.013809523809523811,0.010000000000000002
193,-0.030000000000000016,-0.013333333333333334,0.010000000000000002
194,-0.030000000000000016,-0.013636363636363641,0.010000000000000002
195,-0.030000000000000016,-0.013181818181818183,0.010000000000000002
196,-0.030000000000000016,-0.013333333333333334,0.010000000000000002
197,-0.030000000000000016,-0.01363636363636364,0.010000000000000002
198,-0.030000000000000016,-0.01285714285714286,0.010000000000000002
199,-0.030000000000000016,-0.012857142857142855,0.010000000000000002
200,-0.030000000000000016,-0.01428571428571429,0.010000000000000002
201,-0.030000000000000016,-0.013809523809523813,0.010000000000000002
202,-0.030000000000000016,-0.01285714285714286,0.008571428571428572
203,-0.030000000000000016,-0.012380952380952385,0.009523809523809526
204,-0.030000000000000016,-0.012380952380952385,0.009523809523809526
205,-0.030000000000000016,-0.011428571428571434,0.009523809523809526
206,-0.030000000000000016,-0.013333333333333334,0.009047619047619049
207,-0.030000000000000016,-0.012380952380952387,0.008571428571428572
208,-0.030000000000000016,-0.012857142857142864,0.009047619047619049
209,-0.030000000000000016,-0.01363636363636364,0.009545454545454548
210,-0.030000000000000016,-0.01285714285714286,0.009523809523809526
211,-0.030000000000000016,-0.013333333333333338,0.008571428571428572
212,-0.030000000000000016,-0.012380952380952385,0.009047619047619049
213,-0.030000000000000016,-0.011428571428571434,0.010000000000000002
214,-0.030000000000000016,-0.013809523809523811,0.007142857142857143
215,-0.030000000000000016,-0.012380952380952385,0.006666666666666666
216,-0.030000000000000016,-0.01190476190476191,0.008571428571428572
217,-0.030000000000000016,-0.010952380952380955,0.008095238095238096
218,-0.030000000000000016,-0.011904761904761904,0.010000000000000002
219,-0.030000000000000016,-0.013333333333333334,0.009523809523809526
220,-0.030000000000000016,-0.01142857142857143,0.009523809523809526
221,-0.030000000000000016,-0.01142857142857143,0.009047619047619049
222,-0.030000000000000016,-0.01090909090909091,0.010000000000000002
223,-0.030000000000000016,-0.010476190476190477,0.009523809523809526
224,-0.030000000000000016,-0.011904761904761908,0.009523809523809526
225,-0.030000000000000016,-0.012608695652173915,0.010000000000000004
226,-0.030000000000000016,-0.010952380952380955,0.009047619047619049
227,-0.030000000000000016,-0.01142857142857143,0.010000000000000002
228,-0.030000000000000016,-0.012380952380952381,0.009523809523809526
229,-0.030000000000000016,-0.013333333333333338,0.010000000000000002
230,-0.030000000000000016,-0.01363636363636364,0.009545454545454548
231,-0.030000000000000016,-0.013809523809523811,0.010000000000000002
232,-0.030000000000000016,-0.012380952380952385,0.009047619047619049
233,-0.030000000000000016,-0.016190476190476193,0.009047619047619049
234,-0.030000000000000016,-0.013809523809523811,0.009523809523809526
235,-0.030000000000000016,-0.012380952380952381,0.010000000000000002
236,-0.030000000000000016,-0.011904761904761908,0.009523809523809526
237,-0.030000000000000016,-0.01428571428571429,0.010000000000000002
238,-0.030000000000000016,-0.016363636363636365,0.010000000000000002
239,-0.030000000000000016,-0.013333333333333332,0.009523809523809526
240,-0.030000000000000016,-0.013181818181818183,0.009090909090909092
241,-0.030000000000000016,-0.013809523809523811,0.009047619047619049
242,-0.030000000000000016,-0.015238095238095242,0.009523809523809526
243,-0.030000000000000016,-0.013809523809523808,0.009523809523809526
244,-0.030000000000000016,-0.011818181818181821,0.009545454545454548
245,-0.030000000000000016,-0.011904761904761904,0.010000000000000002
246,-0.030000000000000016,-0.01285714285714286,0.009047619047619049
247,-0.030000000000000016,-0.012380952380952385,0.010000000000000002
248,-0.030000000000000016,-0.012857142857142859,0.010000000000000002
249,-0.030000000000000016,-0.012380952380952381,0.010000000000000002
250,-0.030000000000000016,-0.01047619047619048,0.010000000000000002
251,-0.030000000000000016,-0.011904761904761904,0.010000000000000002
252,-0.030000000000000016,-0.01285714285714286,0.010000000000000002
253,-0.030000000000000016,-0.012727272727272728,0.010000000000000002
254,-0.030000000000000016,-0.012857142857142859,0.010000000000000002
255,-0.030000000000000016,-0.013181818181818185,0.010000000000000002
256,-0.030000000000000016,-0.013333333333333334,0.010000000000000002
257,-0.030000000000000016,-0.010952380952380955,0.010000000000000002
258,-0.030000000000000016,-0.012380952380952385,0.010000000000000002
259,-0.030000000000000016,-0.013333333333333332,0.009523809523809526
260,-0.030000000000000016,-0.013333333333333332,0.010000000000000002
261,-0.030000000000000016,-0.012380952380952385,0.010000000000000002
262,-0.030000000000000016,-0.01285714285714286,0.009523809523809526
263,-0.030000000000000016,-0.01142857142857143,0.010000000000000002
264,-0.030000000000000016,-0.012380952380952385,0.010000000000000002
265,-0.030000000000000016,-0.014761904761904768,0.010000000000000002
266,-0.030000000000000016,-0.015238095238095243,0.010000000000000002
267,-0.030000000000000016,-0.014761904761904768,0.010000000000000002
268,-0.030000000000000016,-0.014545454545454549,0.010000000000000002
269,-0.030000000000000016,-0.01333333333333334,0.010000000000000002
270,-0.030000000000000016,-0.013333333333333334,0.010000000000000002
271,-0.030000000000000016,-0.015238095238095242,0.009523809523809526
272,-0.030000000000000016,-0.015238095238095242,0.010000000000000002
273,-0.030000000000000016,-0.011428571428571429,0.010000000000000002
274,-0.030000000000000016,-0.013333333333333338,0.009047619047619049
275,-0.030000000000000016,-0.011818181818181821,0.010000000000000002
276,-0.030000000000000016,-0.013181818181818183,0.009545454545454548
277,-0.030000000000000016,-0.01363636363636364,0.008181818181818182
278,-0.030000000000000016,-0.012380952380952385,0.009523809523809526
279,-0.030000000000000016,-0.010952380952380955,0.007142857142857143
280,-0.030000000000000016,-0.011363636363636364,0.007272727272727273
281,-0.030000000000000016,-0.011904761904761904,0.009047619047619049
282,-0.030000000000000016,-0.012380952380952385,0.006666666666666666
283,-0.030000000000000016,-0.011818181818181821,0.008181818181818182
284,-0.030000000000000016,-0.01047619047619048,0.008571428571428572
285,-0.030000000000000016,-0.01142857142857143,0.009523809523809526
286,-0.030000000000000016,-0.011428571428571432,0.008571428571428572
287,-0.030000000000000016,-0.012380952380952381,0.009047619047619049
288,-0.03000000000000002,-0.011923076923076929,0.008846153846153849
289,-0.030000000000000016,-0.014761904761904764,0.008571428571428572
290,-0.030000000000000016,-0.011904761904761904,0.009523809523809526
291,-0.030000000000000016,-0.012857142857142859,0.008095238095238096
292,-0.030000000000000016,-0.012857142857142859,0.010000000000000002
293,-0.030000000000000016,-0.011363636363636366,0.009090909090909092
294,-0.030476190476190494,-0.012857142857142859,0.007142857142857143
295,-0.030000000000000016,-0.012380952380952381,0.007619047619047619
296,-0.03142857142857144,-0.012380952380952381,0.006190476190476189
297,-0.030476190476190487,-0.013809523809523811,0.006666666666666666
298,-0.03142857142857144,-0.012380952380952385,0.009047619047619049
299,-0.03142857142857144,-0.013809523809523811,0.008095238095238096
300,-0.030000000000000016,-0.014761904761904764,0.008571428571428572
301,-0.030000000000000016,-0.014285714285714285,0.009047619047619049
302,-0.030000000000000016,-0.015238095238095238,0.008571428571428572
303,-0.030000000000000016,-0.016190476190476193,0.009523809523809526
304,-0.030000000000000006,-0.013809523809523808,0.008571428571428572
305,-0.030000000000000016,-0.014782608695652177,0.009565217391304351
306,-0.030000000000000016,-0.012857142857142859,0.010000000000000002
307,-0.030000000000000016,-0.014285714285714285,0.009523809523809526
308,-0.030000000000000016,-0.01428571428571429,0.010000000000000002
309,-0.030000000000000016,-0.014761904761904764,0.009523809523809526
310,-0.030000000000000016,-0.014761904761904764,0.010000000000000002
311,-0.030000000000000016,-0.015238095238095238,0.010000000000000002
312,-0.030000000000000016,-0.012380952380952381,0.009523809523809526
313,-0.030000000000000016,-0.013809523809523808,0.009523809523809526
314,-0.030000000000000016,-0.015238095238095238,0.010000000000000002
315,-0.030000000000000016,-0.014090909090909091,0.008636363636363638
316,-0.030000000000000016,-0.014285714285714287,0.010000000000000002
317,-0.030000000000000016,-0.015714285714285715,0.010000000000000002
318,-0.030000000000000016,-0.012857142857142859,0.010000000000000002
319,-0.030000000000000016,-0.012857142857142859,0.010000000000000002
320,-0.030000000000000016,-0.011428571428571432,0.009523809523809526
321,-0.030000000000000016,-0.012272727272727274,0.010000000000000002
322,-0.030000000000000016,-0.01142857142857143,0.009523809523809526
323,-0.030000000000000016,-0.012380952380952381,0.010000000000000002
324,-0.030000000000000016,-0.012272727272727275,0.010000000000000002
325,-0.030000000000000016,-0.011904761904761908,0.010000000000000002
326,-0.030000000000000016,-0.013181818181818183,0.010000000000000002
327,-0.030000000000000016,-0.014761904761904764,0.010000000000000002
328,-0.030000000000000016,-0.013333333333333334,0.010000000000000002
329,-0.030000000000000016,-0.013333333333333334,0.010000000000000002
330,-0.030000000000000016,-0.01571428571428572,0.010000000000000002
331,-0.030000000000000016,-0.014761904761904763,0.010000000000000002
332,-0.030000000000000016,-0.012380952380952381,0.010000000000000002
333,-0.030000000000000016,-0.013809523809523811,0.009523809523809526
334,-0.030000000000000016,-0.012380952380952385,0.010000000000000002
335,-0.030000000000000016,-0.013333333333333334,0.010000000000000002
336,-0.030000000000000016,-0.013333333333333334,0.010000000000000002
337,-0.030000000000000016,-0.014761904761904763,0.010000000000000002
338,-0.030000000000000016,-0.017619047619047624,0.010000000000000002
339,-0.030000000000000016,-0.014285714285714285,0.009523809523809526
340,-0.030000000000000016,-0.013809523809523808,0.010000000000000002
341,-0.030000000000000016,-0.01666666666666667,0.010000000000000002
342,-0.030000000000000016,-0.013333333333333334,0.010000000000000002
343,-0.030000000000000016,-0.014285714285714287,0.010000000000000002
344,-0.030000000000000016,-0.013333333333333334,0.010000000000000002
345,-0.030000000000000016,-0.012857142857142859,0.010000000000000002
346,-0.030000000000000016,-0.013333333333333334,0.010000000000000002
347,-0.030000000000000016,-0.014761904761904764,0.009523809523809526
348,-0.030000000000000016,-0.011904761904761908,0.010000000000000002
349,-0.030000000000000016,-0.012380952380952385,0.007619047619047619
350,-0.030000000000000016,-0.012857142857142855,0.009523809523809526
351,-0.030000000000000016,-0.013333333333333334,0.008095238095238096
352,-0.030000000000000016,-0.010952380952380955,0.007619047619047619
353,-0.030000000000000016,-0.010952380952380956,0.009047619047619049
354,-0.030000000000000016,-0.010909090909090912,0.007727272727272728
355,-0.030000000000000016,-0.011904761904761904,0.008571428571428572
356,-0.030000000000000016,-0.011904761904761908,0.009047619047619049
357,-0.030000000000000016,-0.01285714285714286,0.009047619047619049
358,-0.030000000000000016,-0.011904761904761908,0.008571428571428572
359,-0.030000000000000016,-0.011904761904761908,0.007619047619047619
360,-0.030000000000000016,-0.01285714285714286,0.009047619047619049
361,-0.030000000000000016,-0.011904761904761904,0.007619047619047619
362,-0.030000000000000016,-0.01285714285714286,0.009523809523809526
363,-0.030000000000000016,-0.012380952380952385,0.008571428571428572
364,-0.030000000000000016,-0.011428571428571432,0.008095238095238096
365,-0.030000000000000016,-0.011904761904761904,0.010000000000000002
366,-0.030000000000000016,-0.012380952380952385,0.009523809523809526
367,-0.030000000000000016,-0.011904761904761904,0.009523809523809526
368,-0.030000000000000016,-0.01285714285714286,0.009047619047619049
369,-0.030000000000000016,-0.013333333333333338,0.010000000000000002
370,-0.030000000000000016,-0.010952380952380955,0.009523809523809526
371,-0.030000000000000016,-0.014285714285714287,0.009523809523809526
372,-0.030000000000000016,-0.014761904761904768,0.009523809523809526
373,-0.030000000000000016,-0.013333333333333338,0.010000000000000002
374,-0.030000000000000016,-0.013636363636363641,0.010000000000000002
375,-0.030000000000000016,-0.012857142857142859,0.010000000000000002
376,-0.030000000000000016,-0.013809523809523811,0.010000000000000002
377,-0.030000000000000016,-0.014761904761904763,0.010000000000000002
378,-0.030000000000000016,-0.012857142857142859,0.010000000000000002
379,-0.030000000000000016,-0.015238095238095238,0.010000000000000002
380,-0.030000000000000016,-0.013809523809523811,0.010000000000000002
381,-0.030000000000000016,-0.012857142857142859,0.010000000000000002
382,-0.030000000000000016,-0.01428571428571429,0.009523809523809526
383,-0.030000000000000016,-0.012857142857142859,0.009523809523809526
384,-0.030000000000000016,-0.013333333333333334,0.009523809523809526
385,-0.030000000000000016,-0.014285714285714287,0.010000000000000002
386,-0.030000000000000016,-0.013809523809523811,0.010000000000000002
387,-0.030000000000000016,-0.015238095238095242,0.010000000000000002
388,-0.030000000000000016,-0.014285714285714285,0.010000000000000002
389,-0.030000000000000016,-0.013809523809523813,0.009523809523809526
390,-0.030000000000000016,-0.014285714285714285,0.010000000000000002
391,-0.030000000000000016,-0.012380952380952381,0.010000000000000002
392,-0.030000000000000016,-0.014090909090909091,0.010000000000000002
393,-0.030000000000000016,-0.012380952380952381,0.010000000000000002
394,-0.030000000000000016,-0.010952380952380955,0.010000000000000002
395,-0.030000000000000016,-0.010952380952380955,0.010000000000000002
396,-0.030000000000000016,-0.012857142857142855,0.010000000000000002
397,-0.030000000000000016,-0.011904761904761904,0.010000000000000002
398,-0.030000000000000016,-0.012380952380952385,0.010000000000000002
399,-0.030000000000000016,-0.01285714285714286,0.010000000000000002
400,-0.030000000000000016,-0.01285714285714286,0.010000000000000002
401,-0.030000000000000016,-0.013809523809523811,0.010000000000000002
402,-0.030000000000000016,-0.014761904761904763,0.010000000000000002
403,-0.030000000000000016,-0.011428571428571432,0.010000000000000002
404,-0.030000000000000016,-0.013333333333333338,0.010000000000000002
405,-0.030000000000000016,-0.013333333333333334,0.009523809523809526
406,-0.030000000000000016,-0.014761904761904763,0.010000000000000002
407,-0.030000000000000016,-0.015714285714285715,0.010000000000000002
408,-0.030000000000000016,-0.014545454545454549,0.010000000000000002
409,-0.030000000000000016,-0.013809523809523811,0.010000000000000002
410,-0.030000000000000016,-0.013809523809523813,0.010000000000000002
411,-0.030000000000000016,-0.013809523809523811,0.010000000000000002
412,-0.030000000000000016,-0.012380952380952381,0.010000000000000002
413,-0.030000000000000016,-0.013809523809523811,0.010000000000000002
414,-0.030000000000000016,-0.015000000000000003,0.010000000000000002
415,-0.030000000000000016,-0.013181818181818183,0.010000000000000002
416,-0.030000000000000016,-0.013333333333333334,0.010000000000000002
417,-0.030000000000000016,-0.011904761904761908,0.010000000000000002
418,-0.030000000000000016,-0.014761904761904764,0.009047619047619049
419,-0.030000000000000016,-0.011428571428571432,0.010000000000000002
420,-0.030000000000000016,-0.013809523809523813,0.010000000000000002
421,-0.030000000000000016,-0.012727272727272728,0.010000000000000002
422,-0.030000000000000016,-0.011818181818181818,0.008181818181818182
423,-0.030000000000000016,-0.013333333333333332,0.008571428571428572
424,-0.030000000000000016,-0.012380952380952387,0.009047619047619049
425,-0.030000000000000016,-0.010476190476190481,0.008571428571428572
426,-0.030000000000000016,-0.010476190476190481,0.009047619047619049
427,-0.030000000000000016,-0.011904761904761908,0.008095238095238096
428,-0.030000000000000016,-0.011904761904761904,0.006666666666666666
429,-0.030000000000000016,-0.010952380952380955,0.008095238095238096
430,-0.030000000000000016,-0.012857142857142859,0.007619047619047619
431,-0.030000000000000016,-0.013181818181818183,0.007272727272727273
432,-0.030000000000000016,-0.011904761904761908,0.008571428571428572
433,-0.030000000000000016,-0.013809523809523813,0.009523809523809526
434,-0.030000000000000016,-0.012380952380952381,0.009047619047619049
435,-0.030000000000000016,-0.010952380952380955,0.008571428571428572
436,-0.030000000000000016,-0.012380952380952381,0.009523809523809526
437,-0.030000000000000016,-0.012380952380952381,0.009047619047619049
438,-0.03000000000000002,-0.01115384615384616,0.008461538461538463
439,-0.030000000000000016,-0.01285714285714286,0.009523809523809526
440,-0.030000000000000016,-0.012380952380952385,0.009523809523809526
441,-0.030000000000000016,-0.013809523809523811,0.009523809523809526
442,-0.030000000000000016,-0.011904761904761904,0.010000000000000002
443,-0.030000000000000016,-0.012272727272727274,0.010000000000000002
444,-0.030000000000000016,-0.013809523809523811,0.009047619047619049
445,-0.030000000000000016,-0.01285714285714286,0.010000000000000002
446,-0.030000000000000016,-0.012380952380952385,0.009523809523809526
447,-0.030000000000000016,-0.012857142857142859,0.009523809523809526
448,-0.030000000000000016,-0.012857142857142855,0.009523809523809526
449,-0.030000000000000016,-0.012857142857142859,0.009523809523809526
450,-0.030000000000000016,-0.013809523809523811,0.009047619047619049
451,-0.030000000000000016,-0.01285714285714286,0.009523809523809526
452,-0.030000000000000016,-0.013809523809523811,0.010000000000000002
453,-0.030000000000000016,-0.015238095238095242,0.009523809523809526
454,-0.030000000000000016,-0.013809523809523811,0.010000000000000002
455,-0.030000000000000016,-0.014545454545454549,0.010000000000000002
456,-0.030000000000000016,-0.012380952380952381,0.010000000000000002
457,-0.030000000000000016,-0.014285714285714285,0.010000000000000002
458,-0.030000000000000016,-0.013333333333333338,0.009523809523809526
459,-0.030000000000000016,-0.011904761904761908,0.010000000000000002
460,-0.030000000000000016,-0.01285714285714286,0.009523809523809526
461,-0.030000000000000016,-0.014545454545454549,0.010000000000000002
462,-0.030000000000000016,-0.012857142857142859,0.009523809523809526
463,-0.030000000000000016,-0.012857142857142859,0.010000000000000002
464,-0.030000000000000016,-0.012380952380952381,0.009523809523809526
465,-0.030000000000000016,-0.013809523809523813,0.010000000000000002
466,-0.030000000000000016,-0.01285714285714286,0.010000000000000002
467,-0.030000000000000016,-0.013809523809523811,0.009523809523809526
468,-0.030000000000000016,-0.012727272727272733,0.010000000000000002
469,-0.030000000000000016,-0.01142857142857143,0.010000000000000002
470,-0.030000000000000016,-0.012272727272727274,0.010000000000000002
471,-0.030000000000000016,-0.012380952380952385,0.010000000000000002
472,-0.030000000000000016,-0.01285714285714286,0.010000000000000002
473,-0.030000000000000016,-0.015238095238095242,0.010000000000000002
474,-0.030000000000000016,-0.012380952380952385,0.010000000000000002
475,-0.030000000000000016,-0.011904761904761908,0.010000000000000002
476,-0.030000000000000016,-0.013333333333333332,0.010000000000000002
477,-0.030000000000000016,-0.012380952380952385,0.010000000000000002
478,-0.030000000000000016,-0.013181818181818185,0.010000000000000002
479,-0.030000000000000016,-0.012727272727272731,0.010000000000000002
480,-0.030000000000000016,-0.012380952380952385,0.009523809523809526
481,-0.030000000000000016,-0.014761904761904764,0.009523809523809526
482,-0.030000000000000016,-0.013809523809523811,0.010000000000000002
483,-0.030000000000000016,-0.014285714285714287,0.010000000000000002
484,-0.030000000000000016,-0.011363636363636366,0.009545454545454548
485,-0.030000000000000016,-0.011904761904761904,0.010000000000000002
486,-0.030000000000000016,-0.012608695652173915,0.010000000000000004
487,-0.030000000000000016,-0.014761904761904764,0.010000000000000002
488,-0.030000000000000016,-0.011904761904761908,0.010000000000000002
489,-0.030000000000000016,-0.010952380952380955,0.010000000000000002
490,-0.030000000000000016,-0.01363636363636364,0.009545454545454548
491,-0.030000000000000016,-0.012380952380952385,0.009047619047619049
492,-0.030000000000000016,-0.013809523809523811,0.008571428571428572
493,-0.030000000000000016,-0.014761904761904764,0.009047619047619049
494,-0.030000000000000016,-0.012857142857142859,0.008095238095238096
495,-0.030000000000000016,-0.013181818181818183,0.009090909090909092
496,-0.030000000000000016,-0.013809523809523811,0.008571428571428572
497,-0.030000000000000016,-0.013333333333333334,0.009523809523809526
498,-0.030000000000000016,-0.014285714285714287,0.007619047619047619
499,-0.030000000000000016,-0.01285714285714286,0.009523809523809526
500,-0.030000000000000016,-0.012857142857142859,0.008095238095238096
501,-0.030000000000000016,-0.013333333333333334,0.008571428571428572
502,-0.030000000000000016,-0.011818181818181818,0.007272727272727273
503,-0.030000000000000016,-0.012272727272727275,0.009090909090909092
504,-0.030000000000000016,-0.01363636363636364,0.009545454545454548
505,-0.030000000000000016,-0.012857142857142859,0.009047619047619049
506,-0.030000000000000016,-0.012380952380952378,0.008571428571428572
507,-0.030000000000000016,-0.011904761904761908,0.007619047619047619
508,-0.030000000000000016,-0.012857142857142859,0.008095238095238096
509,-0.030000000000000016,-0.013333333333333338,0.010000000000000002
510,-0.030000000000000016,-0.010952380952380955,0.009523809523809526
511,-0.030000000000000016,-0.010952380952380955,0.009523809523809526
512,-0.030000000000000016,-0.012727272727272728,0.010000000000000002
513,-0.030000000000000016,-0.011904761904761908,0.010000000000000002
514,-0.030000000000000016,-0.013181818181818183,0.010000000000000002
515,-0.030000000000000016,-0.012380952380952385,0.009523809523809526
516,-0.030000000000000016,-0.012380952380952385,0.010000000000000002
517,-0.030000000000000016,-0.011904761904761908,0.010000000000000002
518,-0.030000000000000016,-0.013636363636363641,0.010000000000000002
519,-0.030000000000000016,-0.013600000000000006,0.010000000000000002
520,-0.030000000000000016,-0.014761904761904768,0.010000000000000002
521,-0.030000000000000016,-0.013809523809523808,0.010000000000000002
522,-0.030000000000000016,-0.012608695652173917,0.009565217391304351
523,-0.030000000000000016,-0.015238095238095242,0.009523809523809526
524,-0.030000000000000016,-0.017142857142857144,0.010000000000000002
525,-0.030000000000000016,-0.013809523809523811,0.010000000000000002
526,-0.030000000000000016,-0.011904761904761904,0.010000000000000002
527,-0.030000000000000016,-0.014285714285714287,0.010000000000000002
528,-0.030000000000000016,-0.01428571428571429,0.008571428571428572
529,-0.030000000000000016,-0.014285714285714287,0.010000000000000002
530,-0.030000000000000016,-0.014761904761904768,0.010000000000000002
531,-0.030000000000000016,-0.012857142857142859,0.010000000000000002
532,-0.030000000000000016,-0.015238095238095242,0.010000000000000002
533,-0.030000000000000016,-0.010952380952380955,0.009523809523809526
534,-0.030000000000000016,-0.013636363636363636,0.009090909090909092
535,-0.030000000000000016,-0.01142857142857143,0.009523809523809526
536,-0.030000000000000016,-0.011904761904761908,0.010000000000000002
537,-0.030000000000000016,-0.013809523809523813,0.010000000000000002
538,-0.030000000000000016,-0.011363636363636366,0.010000000000000002
539,-0.030000000000000016,-0.012272727272727274,0.010000000000000002
540,-0.030000000000000016,-0.014761904761904764,0.010000000000000002
541,-0.030000000000000016,-0.014285714285714287,0.010000000000000002
542,-0.030000000000000016,-0.012727272727272731,0.010000000000000002
543,-0.030000000000000016,-0.012380952380952381,0.010000000000000002
544,-0.030000000000000016,-0.014285714285714287,0.010000000000000002
545,-0.030000000000000016,-0.014285714285714287,0.010000000000000002
546,-0.030000000000000016,-0.014761904761904764,0.007619047619047619
547,-0.030000000000000016,-0.013333333333333334,0.010000000000000002
548,-0.030000000000000016,-0.012272727272727274,0.010000000000000002
549,-0.030000000000000016,-0.01363636363636364,0.010000000000000002
550,-0.030000000000000016,-0.014285714285714285,0.010000000000000002
551,-0.030000000000000016,-0.012380952380952385,0.010000000000000002
552,-0.030000000000000016,-0.014761904761904764,0.010000000000000002
553,-0.030000000000000016,-0.013333333333333334,0.010000000000000002
554,-0.030000000000000016,-0.013809523809523813,0.010000000000000002
555,-0.030000000000000016,-0.014545454545454549,0.010000000000000002
556,-0.030000000000000016,-0.015238095238095238,0.009523809523809526
557,-0.030000000000000016,-0.014761904761904763,0.010000000000000002
558,-0.030000000000000016,-0.015714285714285715,0.010000000000000002
559,-0.030000000000000016,-0.01142857142857143,0.010000000000000002
560,-0.030000000000000016,-0.013809523809523811,0.010000000000000002
561,-0.030000000000000016,-0.013809523809523811,0.010000000000000002
562,-0.030000000000000016,-0.01285714285714286,0.010000000000000002
563,-0.030000000000000016,-0.011904761904761904,0.009523809523809526
564,-0.030000000000000016,-0.012857142857142859,0.009523809523809526
565,-0.030000000000000016,-0.012272727272727275,0.007727272727272728
566,-0.030000000000000016,-0.013333333333333334,0.009047619047619049
567,-0.030000000000000016,-0.011904761904761908,0.008571428571428572
568,-0.030000000000000016,-0.01285714285714286,0.009047619047619049
569,-0.030000000000000016,-0.01285714285714286,0.007142857142857143
570,-0.030000000000000016,-0.012380952380952385,0.008571428571428572
571,-0.030000000000000016,-0.012380952380952385,0.008571428571428572
572,-0.030000000000000016,-0.012727272727272728,0.007727272727272728
573,-0.030000000000000016,-0.013333333333333334,0.008571428571428572
574,-0.030000000000000016,-0.013809523809523811,0.007619047619047619
575,-0.030000000000000016,-0.013333333333333332,0.008095238095238096
576,-0.030000000000000016,-0.01285714285714286,0.010000000000000002
577,-0.030000000000000016,-0.013809523809523811,0.009523809523809526
578,-0.030000000000000016,-0.013333333333333334,0.007619047619047619
579,-0.030000000000000016,-0.010952380952380955,0.007142857142857143
580,-0.030000000000000016,-0.011904761904761908,0.010000000000000002
581,-0.030000000000000016,-0.013809523809523811,0.007142857142857143
582,-0.030000000000000016,-0.013809523809523811,0.009523809523809526
583,-0.030000000000000016,-0.013809523809523811,0.010000000000000002
584,-0.030000000000000016,-0.01285714285714286,0.010000000000000002
585,-0.030952380952380964,-0.014285714285714287,0.008095238095238096
586,-0.030000000000000016,-0.01285714285714286,0.010000000000000002
587,-0.030000000000000016,-0.014761904761904764,0.010000000000000002
588,-0.030000000000000016,-0.012380952380952381,0.010000000000000002
589,-0.030000000000000016,-0.01285714285714286,0.010000000000000002
590,-0.030000000000000016,-0.013809523809523811,0.010000000000000002
591,-0.030000000000000016,-0.013809523809523811,0.010000000000000002
592,-0.030000000000000016,-0.013809523809523813,0.010000000000000002
593,-0.030000000000000016,-0.013333333333333334,0.009523809523809526
594,-0.030000000000000016,-0.012380952380952381,0.009523809523809526
595,-0.030000000000000016,-0.013333333333333338,0.010000000000000002
596,-0.030000000000000016,-0.012380952380952385,0.009523809523809526
597,-0.030000000000000016,-0.012380952380952385,0.010000000000000002
598,-0.030000000000000016,-0.012380952380952387,0.010000000000000002
599,-0.030000000000000016,-0.012857142857142859,0.010000000000000002
600,-0.030000000000000016,-0.01285714285714286,0.008571428571428572
601,-0.030000000000000016,-0.015000000000000006,0.010000000000000002
602,-0.030000000000000016,-0.01285714285714286,0.009523809523809526
603,-0.030000000000000016,-0.013333333333333334,0.010000000000000002
604,-0.030000000000000016,-0.014782608695652179,0.010000000000000004
605,-0.030000000000000016,-0.012380952380952385,0.010000000000000002
606,-0.030000000000000016,-0.012380952380952385,0.010000000000000002
607,-0.030000000000000016,-0.010476190476190477,0.010000000000000002
608,-0.030000000000000016,-0.014761904761904764,0.010000000000000002
609,-0.030000000000000016,-0.013333333333333334,0.010000000000000002
610,-0.030000000000000016,-0.012857142857142859,0.010000000000000002
611,-0.030000000000000016,-0.012380952380952381,0.010000000000000002
612,-0.030000000000000016,-0.012272727272727274,0.010000000000000002
613,-0.030000000000000016,-0.01363636363636364,0.010000000000000002
614,-0.030000000000000016,-0.011818181818181821,0.010000000000000002
615,-0.030000000000000016,-0.011363636363636364,0.010000000000000002
616,-0.030000000000000016,-0.012380952380952381,0.010000000000000002
617,-0.030000000000000016,-0.013809523809523811,0.010000000000000002
618,-0.030000000000000016,-0.012857142857142859,0.010000000000000002
619,-0.030000000000000016,-0.01285714285714286,0.010000000000000002
620,-0.030000000000000016,-0.012857142857142859,0.010000000000000002
621,-0.030000000000000016,-0.013333333333333334,0.010000000000000002
622,-0.030000000000000016,-0.012857142857142859,0.010000000000000002
623,-0.030000000000000016,-0.013809523809523811,0.009523809523809526
624,-0.030000000000000016,-0.010952380952380955,0.010000000000000002
625,-0.030000000000000016,-0.012380952380952381,0.010000000000000002
626,-0.030000000000000016,-0.010952380952380955,0.010000000000000002
627,-0.030000000000000016,-0.013333333333333338,0.010000000000000002
628,-0.030000000000000016,-0.012380952380952381,0.010000000000000002
629,-0.030000000000000016,-0.012857142857142859,0.010000000000000002
630,-0.030000000000000016,-0.01285714285714286,0.010000000000000002
631,-0.030000000000000016,-0.011818181818181821,0.010000000000000002
632,-0.030000000000000016,-0.014285714285714285,0.009523809523809526
633,-0.030000000000000016,-0.011904761904761904,0.009523809523809526
634,-0.030000000000000016,-0.011818181818181818,0.010000000000000002
635,-0.030000000000000016,-0.015238095238095242,0.010000000000000002
636,-0.030000000000000016,-0.011818181818181821,0.008636363636363638
637,-0.030000000000000016,-0.013333333333333338,0.009047619047619049
638,-0.030000000000000016,-0.015238095238095242,0.009523809523809526
639,-0.030000000000000016,-0.014761904761904763,0.007142857142857143
640,-0.030000000000000016,-0.010952380952380953,0.009523809523809526
641,-0.030000000000000016,-0.013333333333333334,0.008095238095238096
642,-0.030000000000000016,-0.013333333333333334,0.007619047619047619
643,-0.030000000000000016,-0.010909090909090912,0.008636363636363638
644,-0.030000000000000016,-0.011904761904761908,0.009047619047619049
645,-0.030000000000000016,-0.01285714285714286,0.007619047619047619
646,-0.030000000000000016,-0.011904761904761908,0.008095238095238096
647,-0.030000000000000016,-0.012857142857142859,0.008095238095238096
648,-0.030000000000000016,-0.012380952380952385,0.007619047619047619
649,-0.030000000000000016,-0.014285714285714287,0.009523809523809526
650,-0.030000000000000016,-0.012380952380952385,0.009047619047619049
651,-0.030000000000000016,-0.011818181818181821,0.009090909090909092
652,-0.030000000000000016,-0.012272727272727275,0.009545454545454548
653,-0.030000000000000016,-0.012857142857142859,0.009523809523809526
654,-0.030000000000000016,-0.011904761904761908,0.009523809523809526
655,-0.030000000000000016,-0.01142857142857143,0.009523809523809526
656,-0.030000000000000016,-0.012380952380952385,0.009523809523809526
657,-0.030000000000000016,-0.01285714285714286,0.010000000000000002
658,-0.030000000000000016,-0.013333333333333338,0.010000000000000002
659,-0.030000000000000016,-0.011904761904761908,0.010000000000000002
660,-0.030000000000000016,-0.012380952380952385,0.009523809523809526
661,-0.030000000000000016,-0.011904761904761904,0.010000000000000002
662,-0.030000000000000016,-0.013809523809523811,0.010000000000000002
663,-0.030000000000000016,-0.014761904761904764,0.010000000000000002
664,-0.030000000000000016,-0.010476190476190477,0.010000000000000002
665,-0.030000000000000016,-0.011904761904761908,0.010000000000000002
666,-0.030000000000000016,-0.011428571428571432,0.010000000000000002
667,-0.030000000000000016,-0.01142857142857143,0.009523809523809526
668,-0.030000000000000016,-0.013333333333333334,0.009523809523809526
669,-0.030000000000000016,-0.011428571428571432,0.009523809523809526
670,-0.030000000000000016,-0.012380952380952381,0.009523809523809526
671,-0.030000000000000016,-0.013333333333333334,0.010000000000000002
672,-0.030000000000000016,-0.013333333333333338,0.009523809523809526
673,-0.030000000000000016,-0.010909090909090912,0.009545454545454548
674,-0.030000000000000016,-0.012857142857142859,0.010000000000000002
675,-0.030000000000000016,-0.013333333333333338,0.010000000000000002
676,-0.030000000000000016,-0.011904761904761908,0.010000000000000002
677,-0.030000000000000016,-0.012727272727272731,0.010000000000000002
678,-0.030000000000000016,-0.012727272727272731,0.010000000000000002
679,-0.030000000000000016,-0.012727272727272731,0.010000000000000002
680,-0.030000000000000016,-0.013333333333333334,0.010000000000000002
681,-0.030000000000000016,-0.012380952380952381,0.010000000000000002
682,-0.030000000000000016,-0.013333333333333338,0.010000000000000002
683,-0.030000000000000016,-0.01047619047619048,0.010000000000000002
684,-0.030000000000000016,-0.01285714285714286,0.010000000000000002
685,-0.030000000000000016,-0.010952380952380953,0.010000000000000002
686,-0.030000000000000016,-0.011904761904761904,0.010000000000000002
687,-0.030000000000000016,-0.012272727272727275,0.009545454545454548
688,-0.030000000000000016,-0.012380952380952381,0.010000000000000002
689,-0.030000000000000016,-0.01142857142857143,0.010000000000000002
690,-0.030000000000000016,-0.012380952380952378,0.010000000000000002
691,-0.030000000000000016,-0.010952380952380955,0.010000000000000002
692,-0.030000000000000016,-0.012083333333333335,0.010000000000000004
693,-0.030000000000000016,-0.011904761904761904,0.010000000000000002
694,-0.030000000000000016,-0.010909090909090912,0.010000000000000002
695,-0.030000000000000016,-0.012380952380952385,0.009523809523809526
696,-0.030000000000000016,-0.010952380952380955,0.010000000000000002
697,-0.030000000000000016,-0.011904761904761908,0.010000000000000002
698,-0.030000000000000016,-0.01142857142857143,0.010000000000000002
699,-0.030000000000000016,-0.01047619047619048,0.009523809523809526
700,-0.030000000000000016,-0.012380952380952381,0.010000000000000002
701,-0.030000000000000016,-0.013809523809523811,0.009523809523809526
702,-0.030000000000000016,-0.010476190476190477,0.010000000000000002
703,-0.030000000000000016,-0.013809523809523808,0.010000000000000002
704,-0.030000000000000016,-0.012380952380952385,0.010000000000000002
705,-0.030000000000000016,-0.011428571428571432,0.010000000000000002
706,-0.030000000000000016,-0.013636363636363636,0.010000000000000002
707,-0.030000000000000016,-0.012380952380952381,0.010000000000000002
708,-0.030000000000000016,-0.011428571428571432,0.009523809523809526
709,-0.030000000000000016,-0.011904761904761904,0.009523809523809526
710,-0.030000000000000016,-0.013333333333333334,0.009523809523809526
711,-0.030000000000000016,-0.014285714285714287,0.009047619047619049
712,-0.030000000000000016,-0.01142857142857143,0.007619047619047619
713,-0.030000000000000016,-0.013333333333333332,0.009523809523809526
714,-0.030000000000000016,-0.01285714285714286,0.008095238095238096
715,-0.030000000000000016,-0.012857142857142859,0.007619047619047619
716,-0.030000000000000016,-0.012857142857142859,0.007142857142857143
717,-0.030000000000000016,-0.012727272727272731,0.009090909090909092
718,-0.030000000000000016,-0.012380952380952381,0.008571428571428572
719,-0.030000000000000016,-0.013809523809523813,0.007142857142857143
720,-0.030000000000000016,-0.012380952380952385,0.009047619047619049
721,-0.030000000000000016,-0.010952380952380955,0.008571428571428572
722,-0.030000000000000016,-0.012380952380952381,0.009523809523809526
723,-0.030000000000000016,-0.01142857142857143,0.009047619047619049
724,-0.030000000000000016,-0.013333333333333338,0.010000000000000002
725,-0.030000000000000016,-0.013809523809523813,0.010000000000000002
726,-0.030000000000000016,-0.012857142857142859,0.008571428571428572
727,-0.030000000000000016,-0.011904761904761904,0.010000000000000002
728,-0.030000000000000016,-0.013809523809523813,0.010000000000000002
729,-0.030000000000000016,-0.01142857142857143,0.010000000000000002
730,-0.030000000000000016,-0.012380952380952381,0.010000000000000002
731,-0.030000000000000016,-0.012500000000000004,0.010000000000000004
732,-0.030000000000000016,-0.01142857142857143,0.010000000000000002
733,-0.030000000000000016,-0.013333333333333334,0.009523809523809526
734,-0.030000000000000016,-0.013333333333333334,0.010000000000000002
735,-0.030000000000000016,-0.012272727272727275,0.010000000000000002
736,-0.030000000000000016,-0.011904761904761908,0.009047619047619049
737,-0.030000000000000016,-0.012380952380952381,0.010000000000000002
738,-0.030000000000000016,-0.01142857142857143,0.010000000000000002
739,-0.030000000000000016,-0.01285714285714286,0.009047619047619049
740,-0.030000000000000016,-0.010952380952380955,0.010000000000000002
741,-0.030000000000000016,-0.012857142857142859,0.010000000000000002
742,-0.030000000000000016,-0.011428571428571429,0.009047619047619049
743,-0.030000000000000016,-0.012857142857142859,0.009523809523809526
744,-0.030000000000000016,-0.013333333333333332,0.009047619047619049
745,-0.030000000000000016,-0.012380952380952385,0.009523809523809526
746,-0.030000000000000016,-0.011428571428571432,0.009523809523809526
747,-0.030000000000000016,-0.010952380952380955,0.010000000000000002
748,-0.030000000000000016,-0.012380952380952385,0.009047619047619049
749,-0.030000000000000016,-0.010952380952380953,0.010000000000000002
750,-0.030000000000000016,-0.01142857142857143,0.010000000000000002
751,-0.030000000000000016,-0.011904761904761908,0.010000000000000002
752,-0.030000000000000016,-0.010454545454545456,0.010000000000000002
753,-0.030000000000000016,-0.012857142857142859,0.010000000000000002
754,-0.030000000000000016,-0.012173913043478262,0.010000000000000004
755,-0.030000000000000016,-0.012380952380952385,0.010000000000000002
756,-0.030000000000000016,-0.01142857142857143,0.010000000000000002
757,-0.030000000000000016,-0.012380952380952385,0.010000000000000002
758,-0.030000000000000016,-0.012380952380952385,0.010000000000000002
759,-0.030000000000000016,-0.013333333333333334,0.010000000000000002
760,-0.030000000000000016,-0.011904761904761904,0.010000000000000002
761,-0.030000000000000016,-0.011904761904761908,0.010000000000000002
762,-0.030000000000000016,-0.010909090909090913,0.010000000000000002
763,-0.030000000000000016,-0.011904761904761908,0.010000000000000002
764,-0.030000000000000016,-0.01142857142857143,0.010000000000000002
765,-0.030000000000000016,-0.013333333333333334,0.010000000000000002
766,-0.030000000000000016,-0.011904761904761908,0.010000000000000002
767,-0.030000000000000016,-0.011363636363636364,0.010000000000000002
768,-0.030000000000000016,-0.011250000000000001,0.009583333333333336
769,-0.030000000000000016,-0.010476190476190481,0.010000000000000002
770,-0.030000000000000016,-0.01142857142857143,0.010000000000000002
771,-0.030000000000000016,-0.010476190476190477,0.010000000000000002
772,-0.030000000000000016,-0.013181818181818185,0.010000000000000002
773,-0.030000000000000016,-0.01285714285714286,0.010000000000000002
774,-0.030000000000000016,-0.01391304347826087,0.010000000000000004
775,-0.030000000000000016,-0.010000000000000002,0.009523809523809526
776,-0.030000000000000016,-0.01285714285714286,0.009523809523809526
777,-0.030000000000000016,-0.01142857142857143,0.009523809523809526
778,-0.030000000000000016,-0.011904761904761904,0.010000000000000002
779,-0.030000000000000016,-0.014761904761904763,0.009047619047619049
780,-0.030000000000000016,-0.01428571428571429,0.010000000000000002
781,-0.030000000000000016,-0.015238095238095242,0.009523809523809526
782,-0.030000000000000016,-0.01285714285714286,0.010000000000000002
783,-0.030000000000000016,-0.012380952380952385,0.009047619047619049
784,-0.030000000000000016,-0.014285714285714285,0.008095238095238096
785,-0.030000000000000016,-0.01285714285714286,0.009047619047619049
786,-0.030000000000000016,-0.013809523809523813,0.009047619047619049
787,-0.030000000000000016,-0.012857142857142859,0.007619047619047619
788,-0.030000000000000016,-0.016190476190476193,0.009047619047619049
789,-0.030000000000000016,-0.012380952380952385,0.008571428571428572
790,-0.030000000000000016,-0.012380952380952381,0.008095238095238096
791,-0.030000000000000016,-0.012380952380952381,0.006666666666666666
792,-0.030000000000000016,-0.013333333333333334,0.008095238095238096
793,-0.030000000000000016,-0.011428571428571432,0.008095238095238096
794,-0.030000000000000016,-0.01136363636363637,0.006363636363636363
795,-0.030000000000000016,-0.015454545454545455,0.010000000000000002
796,-0.030000000000000016,-0.013809523809523813,0.009523809523809526
797,-0.030000000000000016,-0.011428571428571432,0.010000000000000002
798,-0.030000000000000016,-0.013333333333333334,0.009523809523809526
799,-0.030000000000000016,-0.012857142857142859,0.009047619047619049
800,-0.030000000000000016,-0.013809523809523811,0.009523809523809526
801,-0.030000000000000016,-0.011904761904761908,0.009523809523809526
802,-0.030000000000000016,-0.011904761904761908,0.010000000000000002
803,-0.030000000000000016,-0.012272727272727274,0.010000000000000002
804,-0.030000000000000016,-0.011904761904761904,0.010000000000000002
805,-0.030000000000000016,-0.014285714285714285,0.009523809523809526
806,-0.030000000000000016,-0.011904761904761904,0.010000000000000002
807,-0.030000000000000016,-0.01285714285714286,0.009523809523809526
808,-0.030000000000000016,-0.012380952380952385,0.010000000000000002
809,-0.030000000000000016,-0.012380952380952385,0.010000000000000002
810,-0.030000000000000016,-0.012272727272727275,0.009090909090909092
811,-0.030000000000000016,-0.012380952380952385,0.010000000000000002
812,-0.030000000000000016,-0.010476190476190477,0.009523809523809526
813,-0.030000000000000016,-0.012380952380952385,0.010000000000000002
814,-0.030000000000000016,-0.010952380952380955,0.010000000000000002
815,-0.030000000000000016,-0.01047619047619048,0.009523809523809526
816,-0.030000000000000016,-0.010476190476190477,0.009047619047619049
817,-0.030000000000000016,-0.012727272727272728,0.008636363636363638
818,-0.030000000000000016,-0.012380952380952381,0.009523809523809526
819,-0.030000000000000016,-0.010000000000000002,0.010000000000000002
820,-0.030000000000000016,-0.010476190476190481,0.009523809523809526
821,-0.030000000000000016,-0.013809523809523811,0.010000000000000002
822,-0.030000000000000016,-0.010476190476190477,0.010000000000000002
823,-0.030000000000000016,-0.011904761904761904,0.009523809523809526
824,-0.030000000000000016,-0.011904761904761908,0.010000000000000002
825,-0.030000000000000016,-0.011904761904761908,0.010000000000000002
826,-0.030000000000000016,-0.012857142857142859,0.010000000000000002
827,-0.030000000000000016,-0.012380952380952385,0.010000000000000002
828,-0.030000000000000016,-0.012857142857142859,0.010000000000000002
829,-0.030000000000000016,-0.013333333333333334,0.010000000000000002
830,-0.030000000000000016,-0.012727272727272731,0.010000000000000002
831,-0.030000000000000016,-0.013181818181818183,0.010000000000000002
832,-0.030000000000000016,-0.012857142857142859,0.010000000000000002
833,-0.030000000000000016,-0.010000000000000002,0.010000000000000002
834,-0.030000000000000016,-0.012380952380952387,0.010000000000000002
835,-0.030000000000000016,-0.010952380952380956,0.010000000000000002
836,-0.030000000000000016,-0.010952380952380956,0.010000000000000002
837,-0.030000000000000016,-0.011428571428571434,0.009523809523809526
838,-0.030000000000000016,-0.012272727272727274,0.010000000000000002
839,-0.030000000000000016,-0.012380952380952385,0.010000000000000002
840,-0.030000000000000016,-0.010952380952380953,0.010000000000000002
841,-0.030000000000000016,-0.010952380952380955,0.010000000000000002
842,-0.030000000000000016,-0.011428571428571432,0.009047619047619049
843,-0.030000000000000016,-0.01142857142857143,0.010000000000000002
844,-0.030000000000000016,-0.013636363636363641,0.009545454545454548
845,-0.030000000000000016,-0.010909090909090912,0.009545454545454548
846,-0.030000000000000016,-0.012857142857142859,0.010000000000000002
847,-0.030000000000000016,-0.012380952380952385,0.009047619047619049
848,-0.030000000000000016,-0.013333333333333338,0.009047619047619049
849,-0.030000000000000016,-0.01047619047619048,0.009047619047619049
850,-0.030000000000000016,-0.011363636363636366,0.008181818181818182
851,-0.030000000000000016,-0.01142857142857143,0.008571428571428572
852,-0.030000000000000016,-0.012272727272727274,0.010000000000000002
853,-0.030000000000000016,-0.012380952380952381,0.009047619047619049
854,-0.030000000000000016,-0.012380952380952381,0.008571428571428572
855,-0.030000000000000016,-0.013333333333333334,0.010000000000000002
856,-0.030000000000000016,-0.014285714285714287,0.008571428571428572
857,-0.030000000000000016,-0.014782608695652177,0.007391304347826088
858,-0.030000000000000016,-0.011904761904761908,0.008571428571428572
859,-0.030000000000000016,-0.015238095238095243,0.007619047619047619
860,-0.030000000000000016,-0.013333333333333334,0.005238095238095238
861,-0.030000000000000016,-0.014285714285714287,0.007142857142857143
862,-0.030000000000000016,-0.011904761904761904,0.006666666666666666
863,-0.030000000000000016,-0.012727272727272733,0.005909090909090908
864,-0.030000000000000016,-0.013809523809523811,0.008095238095238096
865,-0.030000000000000016,-0.014761904761904764,0.008095238095238096
866,-0.030000000000000016,-0.012857142857142859,0.008571428571428572
867,-0.030000000000000016,-0.012380952380952385,0.009047619047619049
868,-0.030000000000000016,-0.011904761904761904,0.008095238095238096
869,-0.030000000000000016,-0.013333333333333338,0.009047619047619049
870,-0.030000000000000016,-0.011904761904761908,0.009047619047619049
871,-0.030000000000000016,-0.011904761904761908,0.009047619047619049
872,-0.030000000000000016,-0.012272727272727274,0.009090909090909092
873,-0.030000000000000016,-0.013333333333333334,0.010000000000000002
874,-0.030000000000000016,-0.012380952380952381,0.009523809523809526
875,-0.030000000000000016,-0.013181818181818183,0.009090909090909092
876,-0.030000000000000016,-0.011904761904761908,0.010000000000000002
877,-0.030000000000000016,-0.011428571428571432,0.010000000000000002
878,-0.030000000000000016,-0.01285714285714286,0.010000000000000002
879,-0.030000000000000016,-0.010909090909090912,0.008636363636363638
880,-0.030000000000000016,-0.01142857142857143,0.009047619047619049
881,-0.030000000000000016,-0.010952380952380955,0.010000000000000002
882,-0.030000000000000016,-0.01190476190476191,0.009047619047619049
883,-0.030000000000000016,-0.010952380952380953,0.009047619047619049
884,-0.030000000000000016,-0.010476190476190477,0.009523809523809526
885,-0.030000000000000016,-0.011428571428571429,0.009047619047619049
886,-0.030000000000000016,-0.012380952380952381,0.007619047619047619
887,-0.030000000000000016,-0.012380952380952381,0.005714285714285713
888,-0.030000000000000016,-0.01047619047619048,0.009523809523809526
889,-0.030000000000000016,-0.011904761904761908,0.007142857142857143
890,-0.030000000000000016,-0.011904761904761908,0.009523809523809526
891,-0.030000000000000016,-0.01142857142857143,0.009047619047619049
892,-0.030000000000000016,-0.010952380952380955,0.009523809523809526
893,-0.030000000000000016,-0.01142857142857143,0.010000000000000002
894,-0.030000000000000016,-0.011304347826086959,0.010000000000000004
895,-0.030000000000000016,-0.011904761904761908,0.010000000000000002
896,-0.030000000000000016,-0.011904761904761908,0.010000000000000002
897,-0.030000000000000016,-0.011904761904761908,0.010000000000000002
898,-0.030000000000000016,-0.01285714285714286,0.010000000000000002
899,-0.030000000000000016,-0.010434782608695655,0.010000000000000004
900,-0.030000000000000016,-0.011904761904761908,0.010000000000000002
901,-0.030000000000000016,-0.01142857142857143,0.010000000000000002
902,-0.030000000000000016,-0.012272727272727275,0.010000000000000002
903,-0.030000000000000016,-0.010476190476190481,0.010000000000000002
904,-0.030000000000000016,-0.01142857142857143,0.010000000000000002
905,-0.030000000000000016,-0.010909090909090912,0.010000000000000002
906,-0.030000000000000016,-0.010952380952380955,0.010000000000000002
907,-0.030000000000000016,-0.010952380952380953,0.009523809523809526
908,-0.030000000000000016,-0.01047619047619048,0.010000000000000002
909,-0.030000000000000016,-0.010952380952380955,0.009523809523809526
910,-0.030000000000000016,-0.010909090909090913,0.010000000000000002
911,-0.030000000000000016,-0.011428571428571434,0.009047619047619049
912,-0.030000000000000016,-0.010476190476190481,0.008571428571428572
913,-0.030000000000000016,-0.01047619047619048,0.009523809523809526
914,-0.030000000000000016,-0.011428571428571432,0.009523809523809526
915,-0.030000000000000016,-0.01047619047619048,0.010000000000000002
916,-0.030000000000000016,-0.011904761904761908,0.010000000000000002
917,-0.030000000000000016,-0.010476190476190477,0.010000000000000002
918,-0.030000000000000016,-0.010476190476190477,0.008095238095238096
919,-0.030000000000000016,-0.011818181818181818,0.009090909090909092
920,-0.030000000000000016,-0.011904761904761904,0.010000000000000002
921,-0.030000000000000016,-0.011904761904761908,0.009523809523809526
922,-0.030000000000000016,-0.010952380952380953,0.009047619047619049
923,-0.030000000000000016,-0.011904761904761908,0.009523809523809526
924,-0.030000000000000016,-0.012857142857142859,0.008571428571428572
925,-0.030000000000000016,-0.014285714285714287,0.008571428571428572
926,-0.030000000000000016,-0.011904761904761904,0.008095238095238096
927,-0.030000000000000016,-0.01142857142857143,0.009047619047619049
928,-0.030000000000000016,-0.012857142857142859,0.007619047619047619
929,-0.030000000000000016,-0.014090909090909093,0.008636363636363638
930,-0.030000000000000016,-0.011818181818181821,0.006818181818181818
931,-0.030000000000000016,-0.012380952380952385,0.007142857142857143
932,-0.030000000000000016,-0.015238095238095242,0.005714285714285713
933,-0.030000000000000016,-0.013636363636363641,0.007727272727272728
934,-0.030000000000000016,-0.012380952380952381,0.005238095238095238
935,-0.030000000000000016,-0.014761904761904764,0.005714285714285713
936,-0.030000000000000016,-0.012857142857142859,0.006666666666666666
937,-0.030000000000000016,-0.011428571428571429,0.008571428571428572
938,-0.030000000000000016,-0.012380952380952385,0.009047619047619049
939,-0.030000000000000016,-0.013809523809523808,0.008571428571428572
940,-0.030000000000000016,-0.013809523809523808,0.009047619047619049
941,-0.030000000000000016,-0.011428571428571432,0.009523809523809526
942,-0.030000000000000016,-0.012857142857142859,0.008095238095238096
943,-0.030000000000000016,-0.01285714285714286,0.010000000000000002
944,-0.030000000000000016,-0.011428571428571429,0.010000000000000002
945,-0.030000000000000016,-0.010476190476190477,0.010000000000000002
946,-0.030000000000000016,-0.012380952380952385,0.010000000000000002
947,-0.030000000000000016,-0.01047619047619048,0.009047619047619049
948,-0.030000000000000016,-0.010952380952380955,0.009523809523809526
949,-0.030000000000000016,-0.01285714285714286,0.010000000000000002
950,-0.030000000000000016,-0.01142857142857143,0.010000000000000002
951,-0.030000000000000016,-0.011904761904761908,0.010000000000000002
952,-0.030000000000000016,-0.013333333333333332,0.010000000000000002
953,-0.030000000000000016,-0.010476190476190481,0.010000000000000002
954,-0.030000000000000016,-0.010952380952380953,0.010000000000000002
955,-0.030000000000000016,-0.010952380952380955,0.010000000000000002
956,-0.030000000000000016,-0.011904761904761908,0.010000000000000002
957,-0.030000000000000016,-0.011904761904761908,0.010000000000000002
958,-0.030000000000000016,-0.010952380952380956,0.008095238095238096
959,-0.030000000000000016,-0.01285714285714286,0.008095238095238096
960,-0.030000000000000016,-0.010952380952380955,0.007619047619047619
961,-0.030000000000000016,-0.01285714285714286,0.005714285714285713
962,-0.030000000000000016,-0.011428571428571432,0.008571428571428572
963,-0.030000000000000016,-0.01142857142857143,0.008095238095238096
964,-0.030000000000000016,-0.011904761904761908,0.009047619047619049
965,-0.030000000000000016,-0.010952380952380953,0.009047619047619049
966,-0.03000000000000002,-0.011851851851851856,0.009629629629629632
967,-0.030000000000000016,-0.011904761904761908,0.010000000000000002
968,-0.030000000000000016,-0.010952380952380955,0.009523809523809526
969,-0.030000000000000016,-0.012173913043478262,0.010000000000000004
970,-0.030000000000000016,-0.011904761904761908,0.010000000000000002
971,-0.030000000000000016,-0.013333333333333338,0.010000000000000002
972,-0.030000000000000016,-0.012380952380952385,0.010000000000000002
973,-0.030000000000000016,-0.011304347826086959,0.010000000000000004
974,-0.030000000000000016,-0.013333333333333334,0.010000000000000002
975,-0.030000000000000016,-0.01142857142857143,0.010000000000000002
976,-0.030000000000000016,-0.012380952380952385,0.010000000000000002
977,-0.030000000000000016,-0.011428571428571432,0.010000000000000002
978,-0.030000000000000016,-0.010000000000000002,0.010000000000000002
979,-0.030000000000000016,-0.01142857142857143,0.009047619047619049
980,-0.030000000000000016,-0.010952380952380955,0.010000000000000002
981,-0.030000000000000016,-0.01047619047619048,0.009523809523809526
982,-0.030000000000000016,-0.01142857142857143,0.010000000000000002
983,-0.030000000000000016,-0.01047619047619048,0.010000000000000002
984,-0.030000000000000016,-0.010000000000000002,0.009047619047619049
985,-0.030000000000000016,-0.010476190476190477,0.009047619047619049
986,-0.030000000000000016,-0.012272727272727275,0.009090909090909092
987,-0.030000000000000016,-0.010000000000000002,0.007142857142857143
988,-0.030000000000000016,-0.010000000000000002,0.0033333333333333335
989,-0.030000000000000016,-0.010476190476190477,0.0047619047619047615
990,-0.030000000000000016,-0.010952380952380955,0.0038095238095238095
991,-0.030000000000000016,-0.010952380952380955,0.002380952380952381
992,-0.030000000000000016,-0.011250000000000003,0.0020833333333333333
993,-0.030000000000000016,-0.013333333333333334,0.0047619047619047615
994,-0.030000000000000016,-0.012857142857142859,0.0047619047619047615
995,-0.030000000000000016,-0.012380952380952385,0.0047619047619047615
996,-0.030000000000000016,-0.01285714285714286,0.006190476190476189
997,-0.030000000000000016,-0.01428571428571429,0.009047619047619049
998,-0.030000000000000016,-0.013333333333333332,0.009047619047619049
999,-0.030000000000000016,-0.011904761904761904,0.010000000000000002
1000,-0.030000000000000016,-0.013333333333333332,0.010000000000000002
1001,-0.030000000000000016,-0.013333333333333338,0.010000000000000002
1002,-0.030000000000000016,-0.014285714285714287,0.010000000000000002
1003,-0.030000000000000016,-0.010952380952380955,0.009523809523809526
1004,-0.030000000000000016,-0.010476190476190477,0.010000000000000002
1005,-0.030000000000000016,-0.011428571428571434,0.010000000000000002
1006,-0.030000000000000016,-0.010476190476190477,0.010000000000000002
1007,-0.030000000000000016,-0.011904761904761904,0.010000000000000002
1008,-0.030000000000000016,-0.012173913043478262,0.0013043478260869564
1009,-0.030000000000000016,-0.012380952380952385,0.0019047619047619048
1010,-0.030000000000000016,-0.012380952380952385,0.0038095238095238095
1011,-0.030000000000000016,-0.01285714285714286,0.0028571428571428576
1012,-0.030000000000000016,-0.012727272727272731,0.0013636363636363635
1013,-0.030000000000000016,-0.013809523809523808,0.0009523809523809524
1014,-0.030000000000000016,-0.013333333333333334,0.0028571428571428576
1015,-0.030000000000000016,-0.014761904761904764,0.002380952380952381
1016,-0.030000000000000016,-0.012857142857142859,0.0028571428571428576
1017,-0.030000000000000016,-0.012857142857142859,0.005238095238095238
1018,-0.030000000000000016,-0.012380952380952381,0.0038095238095238095
1019,-0.030000000000000016,-0.01142857142857143,0.004285714285714286
1020,-0.03095238095238097,-0.014761904761904764,0.006190476190476189
1021,-0.030000000000000016,-0.011904761904761908,0.0038095238095238095
1022,-0.030000000000000016,-0.01047619047619048,0.0047619047619047615
1023,-0.030000000000000016,-0.010952380952380955,0.0033333333333333335
1024,-0.030000000000000016,-0.012380952380952385,0.0014285714285714286
1025,-0.030000000000000016,-0.010952380952380955,0.0047619047619047615
1026,-0.030000000000000016,-0.010952380952380955,0.0047619047619047615
1027,-0.030000000000000016,-0.012380952380952381,0.0038095238095238095
1028,-0.030000000000000016,-0.011904761904761908,0.005714285714285713
1029,-0.030000000000000016,-0.010476190476190477,0.0047619047619047615
1030,-0.030000000000000016,-0.010952380952380955,0.009047619047619049
1031,-0.030000000000000016,-0.010952380952380953,0.007142857142857143
1032,-0.030000000000000016,-0.010952380952380955,0.008095238095238096
1033,-0.030000000000000016,-0.010000000000000002,0.008571428571428572
1034,-0.030000000000000016,-0.01142857142857143,0.009523809523809526
1035,-0.030000000000000016,-0.012272727272727274,0.010000000000000002
1036,-0.030000000000000016,-0.011428571428571432,0.009047619047619049
1037,-0.030000000000000016,-0.01142857142857143,0.010000000000000002
1038,-0.030000000000000016,-0.01190476190476191,0.009523809523809526
1039,-0.030000000000000016,-0.01285714285714286,0.009523809523809526
1040,-0.030000000000000016,-0.01047619047619048,0.009523809523809526
1041,-0.030000000000000016,-0.012272727272727275,0.010000000000000002
1042,-0.030000000000000016,-0.013809523809523811,0.009523809523809526
1043,-0.030000000000000016,-0.012380952380952385,0.010000000000000002
1044,-0.030000000000000016,-0.01142857142857143,0.010000000000000002
1045,-0.030000000000000016,-0.012380952380952385,0.010000000000000002
1046,-0.030000000000000016,-0.010476190476190481,0.010000000000000002
1047,-0.030000000000000016,-0.011904761904761908,0.009523809523809526
1048,-0.030000000000000016,-0.011904761904761904,0.010000000000000002
1049,-0.030000000000000016,-0.01047619047619048,0.010000000000000002
1050,-0.030000000000000016,-0.010952380952380956,0.010000000000000002
1051,-0.030000000000000016,-0.010952380952380956,0.009523809523809526
1052,-0.030000000000000016,-0.010952380952380956,0.009047619047619049
1053,-0.030000000000000016,-0.010476190476190477,0.009523809523809526
1054,-0.030000000000000016,-0.01047619047619048,0.007619047619047619
1055,-0.030000000000000016,-0.01047619047619048,0.009047619047619049
1056,-0.030000000000000016,-0.010952380952380955,0.010000000000000002
1057,-0.030000000000000016,-0.010476190476190477,0.009047619047619049
1058,-0.030000000000000016,-0.010476190476190477,0.009523809523809526
1059,-0.030000000000000016,-0.010476190476190477,0.008571428571428572
1060,-0.030000000000000016,-0.010952380952380955,0.007619047619047619
1061,-0.030000000000000016,-0.010952380952380956,0.009523809523809526
1062,-0.030000000000000016,-0.010952380952380953,0.008571428571428572
1063,-0.030000000000000016,-0.01142857142857143,0.009047619047619049
1064,-0.030000000000000016,-0.010476190476190477,0.010000000000000002
1065,-0.030000000000000016,-0.01142857142857143,0.008571428571428572
1066,-0.030000000000000016,-0.011304347826086959,0.008260869565217393
1067,-0.030000000000000016,-0.010952380952380955,0.009047619047619049
1068,-0.030000000000000016,-0.010952380952380955,0.008571428571428572
1069,-0.030000000000000016,-0.01285714285714286,0.008571428571428572
1070,-0.030000000000000016,-0.012380952380952385,0.007619047619047619
1071,-0.030000000000000016,-0.011904761904761908,0.007619047619047619
1072,-0.030000000000000016,-0.01142857142857143,0.005714285714285713
1073,-0.030000000000000016,-0.01142857142857143,0.0047619047619047615
1074,-0.030000000000000016,-0.013478260869565219,0.0056521739130434775
1075,-0.030000000000000016,-0.014285714285714285,0.005714285714285713
1076,-0.030000000000000016,-0.015238095238095242,0.006666666666666666
1077,-0.030000000000000016,-0.011428571428571434,0.005714285714285713
1078,-0.030000000000000016,-0.012380952380952381,0.005238095238095238
1079,-0.030000000000000016,-0.012857142857142859,0.005238095238095238
1080,-0.030000000000000016,-0.012380952380952387,0.0047619047619047615
1081,-0.030000000000000016,-0.012857142857142859,0.005238095238095238
1082,-0.030000000000000016,-0.010952380952380955,0.005714285714285713
1083,-0.030000000000000016,-0.012380952380952385,0.006666666666666666
1084,-0.030000000000000016,-0.011904761904761908,0.007619047619047619
1085,-0.030000000000000016,-0.012173913043478259,0.009130434782608698
1086,-0.030000000000000016,-0.011428571428571432,0.008095238095238096
1087,-0.030000000000000016,-0.011904761904761904,0.007619047619047619
1088,-0.030000000000000016,-0.010952380952380955,0.008571428571428572
1089,-0.030000000000000016,-0.011904761904761904,0.007619047619047619
1090,-0.030000000000000016,-0.01142857142857143,0.010000000000000002
1091,-0.030000000000000016,-0.012380952380952381,0.008571428571428572
1092,-0.030000000000000016,-0.011904761904761904,0.009047619047619049
1093,-0.030000000000000016,-0.011904761904761908,0.007619047619047619
1094,-0.030000000000000016,-0.010476190476190477,0.008095238095238096
1095,-0.030000000000000016,-0.010000000000000002,0.005714285714285713
1096,-0.030000000000000016,-0.010869565217391304,0.00782608695652174
1097,-0.030000000000000016,-0.01047619047619048,0.008095238095238096
1098,-0.030000000000000016,-0.010952380952380955,0.008571428571428572
1099,-0.030000000000000016,-0.01047619047619048,0.0047619047619047615
1100,-0.030000000000000016,-0.01142857142857143,0.006666666666666666
1101,-0.030000000000000016,-0.010000000000000002,0.005238095238095238
1102,-0.030000000000000016,-0.011904761904761908,0.004285714285714286
1103,-0.030000000000000016,-0.012380952380952385,0.006666666666666666
1104,-0.030000000000000016,-0.013809523809523811,0.007142857142857143
1105,-0.030000000000000016,-0.01142857142857143,0.009047619047619049
1106,-0.030000000000000016,-0.010952380952380955,0.008571428571428572
1107,-0.030000000000000016,-0.010000000000000002,0.009523809523809526
1108,-0.030000000000000016,-0.011904761904761904,0.008571428571428572
1109,-0.030000000000000016,-0.010000000000000002,0.009523809523809526
1110,-0.030000000000000016,-0.011904761904761908,0.010000000000000002
1111,-0.030000000000000016,-0.010952380952380955,0.010000000000000002
1112,-0.030000000000000016,-0.010952380952380955,0.009523809523809526
1113,-0.030000000000000016,-0.012380952380952385,0.010000000000000002
1114,-0.030000000000000016,-0.01142857142857143,0.010000000000000002
1115,-0.030000000000000016,-0.01173913043478261,0.010000000000000004
1116,-0.030000000000000016,-0.01047619047619048,0.010000000000000002
1117,-0.030000000000000016,-0.01142857142857143,0.010000000000000002
1118,-0.030000000000000016,-0.012083333333333337,0.010000000000000004
1119,-0.030000000000000016,-0.011904761904761908,0.010000000000000002
1120,-0.030000000000000016,-0.011904761904761908,0.010000000000000002
1121,-0.030000000000000016,-0.010952380952380955,0.010000000000000002
1122,-0.030000000000000016,-0.010952380952380953,0.009523809523809526
1123,-0.030000000000000016,-0.012608695652173912,0.009565217391304351
1124,-0.030000000000000016,-0.01285714285714286,0.010000000000000002
1125,-0.030000000000000016,-0.011904761904761908,0.010000000000000002
1126,-0.030000000000000016,-0.012380952380952381,0.008095238095238096
1127,-0.030000000000000016,-0.01142857142857143,0.008571428571428572
1128,-0.030000000000000016,-0.010952380952380953,0.009047619047619049
1129,-0.030000000000000016,-0.011904761904761908,0.009047619047619049
1130,-0.030000000000000016,-0.01142857142857143,0.009523809523809526
1131,-0.030000000000000016,-0.010952380952380956,0.009047619047619049
1132,-0.030000000000000016,-0.01047619047619048,0.009523809523809526
1133,-0.030000000000000016,-0.012380952380952385,0.009523809523809526
1134,-0.030000000000000016,-0.010952380952380955,0.009047619047619049
1135,-0.030000000000000016,-0.010952380952380955,0.008571428571428572
1136,-0.030000000000000016,-0.012380952380952385,0.008095238095238096
1137,-0.030000000000000016,-0.01142857142857143,0.009047619047619049
1138,-0.030000000000000016,-0.011904761904761908,0.010000000000000002
1139,-0.030000000000000016,-0.010476190476190477,0.009047619047619049
1140,-0.03000000000000002,-0.012692307692307697,0.007692307692307694
1141,-0.030000000000000016,-0.014761904761904768,0.008095238095238096
1142,-0.030000000000000016,-0.012857142857142855,0.007619047619047619
1143,-0.030000000000000016,-0.013809523809523811,0.007142857142857143
1144,-0.030000000000000016,-0.011904761904761908,0.008571428571428572
1145,-0.030000000000000016,-0.013333333333333334,0.007619047619047619
1146,-0.030000000000000016,-0.012857142857142859,0.006190476190476189
1147,-0.030000000000000016,-0.01142857142857143,0.005714285714285713
1148,-0.030000000000000016,-0.011428571428571429,0.007142857142857143
1149,-0.030000000000000016,-0.013809523809523813,0.007619047619047619
1150,-0.030000000000000016,-0.012380952380952385,0.006190476190476189
1151,-0.030000000000000016,-0.011904761904761904,0.005714285714285713
1152,-0.030000000000000016,-0.011904761904761908,0.0028571428571428576
1153,-0.030000000000000016,-0.01142857142857143,0.010000000000000002
1154,-0.030000000000000016,-0.013809523809523811,0.005714285714285713
1155,-0.030000000000000016,-0.011428571428571432,0.0047619047619047615
1156,-0.030000000000000016,-0.012380952380952381,0.006666666666666666
1157,-0.030000000000000016,-0.010476190476190477,0.007619047619047619
1158,-0.030000000000000016,-0.011904761904761904,0.009047619047619049
1159,-0.030000000000000016,-0.013333333333333334,0.006666666666666666
1160,-0.030000000000000016,-0.010952380952380955,0.008095238095238096
1161,-0.030000000000000016,-0.01142857142857143,0.008571428571428572
1162,-0.030000000000000016,-0.012608695652173915,0.008695652173913045
1163,-0.030000000000000016,-0.011904761904761904,0.009523809523809526
1164,-0.030000000000000016,-0.010952380952380955,0.008571428571428572
1165,-0.030000000000000016,-0.011904761904761908,0.008571428571428572
1166,-0.030000000000000016,-0.012380952380952381,0.009047619047619049
1167,-0.030000000000000016,-0.011428571428571432,0.008095238095238096
1168,-0.030000000000000016,-0.011904761904761908,0.006666666666666666
1169,-0.030000000000000016,-0.01047619047619048,0.007142857142857143
1170,-0.030000000000000016,-0.012272727272727275,0.007272727272727273
1171,-0.030000000000000016,-0.010952380952380955,0.007142857142857143
1172,-0.030000000000000016,-0.012380952380952381,0.006190476190476189
1173,-0.030000000000000016,-0.012857142857142859,0.007619047619047619
1174,-0.030000000000000016,-0.011904761904761908,0.006190476190476189
1175,-0.030000000000000016,-0.010952380952380955,0.006190476190476189
1176,-0.030000000000000016,-0.012380952380952385,0.005238095238095238
1177,-0.030000000000000016,-0.012380952380952385,0.008095238095238096
1178,-0.030000000000000016,-0.010952380952380955,0.009047619047619049
1179,-0.030000000000000016,-0.011904761904761904,0.009047619047619049
1180,-0.030000000000000016,-0.010952380952380955,0.008571428571428572
1181,-0.030000000000000016,-0.01142857142857143,0.009523809523809526
1182,-0.030000000000000016,-0.010476190476190477,0.010000000000000002
1183,-0.030000000000000016,-0.012857142857142859,0.010000000000000002
1184,-0.030000000000000016,-0.010952380952380955,0.009523809523809526
1185,-0.030000000000000016,-0.012380952380952381,0.009523809523809526
1186,-0.030000000000000016,-0.011904761904761904,0.010000000000000002
1187,-0.030000000000000016,-0.01047619047619048,0.010000000000000002
1188,-0.030000000000000016,-0.010952380952380953,0.010000000000000002
1189,-0.030000000000000016,-0.011904761904761908,0.010000000000000002
1190,-0.030000000000000016,-0.011428571428571429,0.009523809523809526
1191,-0.030000000000000016,-0.011904761904761904,0.010000000000000002
1192,-0.030000000000000016,-0.010952380952380956,0.010000000000000002
1193,-0.030000000000000016,-0.011904761904761904,0.010000000000000002
1194,-0.030000000000000016,-0.014285714285714285,0.010000000000000002
1195,-0.030000000000000016,-0.011428571428571432,0.009523809523809526
1196,-0.030000000000000016,-0.01047619047619048,0.010000000000000002
1197,-0.030000000000000016,-0.010952380952380956,0.010000000000000002
1198,-0.030000000000000016,-0.011904761904761908,0.008095238095238096
1199,-0.030000000000000016,-0.010952380952380955,0.009523809523809526
1200,-0.030000000000000016,-0.010476190476190477,0.009523809523809526
1201,-0.030000000000000016,-0.010952380952380955,0.009523809523809526
1202,-0.030000000000000016,-0.01047619047619048,0.009523809523809526
1203,-0.030000000000000016,-0.010952380952380955,0.007142857142857143
1204,-0.030000000000000016,-0.01047619047619048,0.009047619047619049
1205,-0.030000000000000016,-0.010952380952380955,0.009523809523809526
1206,-0.030000000000000016,-0.01142857142857143,0.008571428571428572
1207,-0.030000000000000016,-0.011363636363636366,0.007727272727272728
1208,-0.030000000000000016,-0.010952380952380953,0.010000000000000002
1209,-0.030000000000000016,-0.010952380952380955,0.007619047619047619
1210,-0.030000000000000016,-0.011904761904761904,0.010000000000000002
1211,-0.030000000000000016,-0.010000000000000002,0.007619047619047619
1212,-0.030000000000000016,-0.01047619047619048,0.008571428571428572
1213,-0.030000000000000016,-0.011428571428571432,0.008095238095238096
1214,-0.030000000000000016,-0.012857142857142859,0.008571428571428572
1215,-0.030000000000000016,-0.01142857142857143,0.006666666666666666
1216,-0.030000000000000016,-0.013333333333333338,0.006666666666666666
1217,-0.030000000000000016,-0.01142857142857143,0.004285714285714286
1218,-0.030000000000000016,-0.014090909090909097,0.005909090909090908
1219,-0.030000000000000016,-0.01047619047619048,0.005714285714285713
1220,-0.030000000000000016,-0.012727272727272728,0.004545454545454545
1221,-0.030000000000000016,-0.01285714285714286,0.006190476190476189
1222,-0.030000000000000016,-0.012857142857142859,0.004285714285714286
1223,-0.030000000000000016,-0.013333333333333334,0.004285714285714286
1224,-0.030000000000000016,-0.012857142857142859,0.005714285714285713
1225,-0.030000000000000016,-0.011818181818181821,0.004545454545454545
1226,-0.030000000000000016,-0.01190476190476191,0.005238095238095238
1227,-0.030000000000000016,-0.011428571428571432,0.005238095238095238
1228,-0.030000000000000016,-0.011904761904761904,0.006190476190476189
1229,-0.030000000000000016,-0.01142857142857143,0.006190476190476189
1230,-0.030000000000000016,-0.012380952380952381,0.007619047619047619
1231,-0.030000000000000016,-0.01142857142857143,0.007142857142857143
1232,-0.030000000000000016,-0.011904761904761908,0.007619047619047619
1233,-0.030000000000000016,-0.013809523809523813,0.009047619047619049
1234,-0.030000000000000016,-0.011904761904761904,0.008095238095238096
1235,-0.030000000000000016,-0.011904761904761904,0.008095238095238096
1236,-0.030000000000000016,-0.011250000000000003,0.008750000000000003
1237,-0.030000000000000016,-0.010909090909090912,0.008636363636363638
1238,-0.030000000000000016,-0.011904761904761904,0.008095238095238096
1239,-0.030000000000000016,-0.011904761904761904,0.007619047619047619
1240,-0.030000000000000016,-0.012380952380952378,0.008095238095238096
1241,-0.030000000000000016,-0.010476190476190477,0.007142857142857143
1242,-0.030000000000000016,-0.01142857142857143,0.008571428571428572
1243,-0.030000000000000016,-0.012380952380952381,0.006190476190476189
1244,-0.030000000000000016,-0.011363636363636366,0.006363636363636363
1245,-0.030000000000000016,-0.012380952380952381,0.005238095238095238
1246,-0.030000000000000016,-0.012380952380952381,0.0047619047619047615
1247,-0.030000000000000016,-0.011428571428571434,0.006190476190476189
1248,-0.030000000000000016,-0.010952380952380955,0.007142857142857143
1249,-0.030000000000000016,-0.011904761904761904,0.007142857142857143
1250,-0.030000000000000016,-0.012608695652173917,0.009130434782608698
1251,-0.030000000000000016,-0.012380952380952381,0.009523809523809526
1252,-0.030000000000000016,-0.012380952380952381,0.009523809523809526
1253,-0.030000000000000016,-0.011904761904761904,0.009523809523809526
1254,-0.030000000000000016,-0.010952380952380955,0.009523809523809526
1255,-0.030000000000000016,-0.01047619047619048,0.009523809523809526
1256,-0.030000000000000016,-0.01047619047619048,0.009047619047619049
1257,-0.030000000000000016,-0.012380952380952385,0.010000000000000002
1258,-0.030000000000000016,-0.011428571428571434,0.009523809523809526
1259,-0.030000000000000016,-0.010476190476190477,0.010000000000000002
1260,-0.030000000000000016,-0.010952380952380955,0.010000000000000002
1261,-0.030000000000000016,-0.010000000000000002,0.010000000000000002
1262,-0.030000000000000016,-0.012608695652173917,0.010000000000000004
1263,-0.030000000000000016,-0.011818181818181821,0.010000000000000002
1264,-0.030000000000000016,-0.010952380952380955,0.010000000000000002
1265,-0.030000000000000016,-0.01047619047619048,0.010000000000000002
1266,-0.030000000000000016,-0.010869565217391308,0.009565217391304351
1267,-0.030000000000000016,-0.010952380952380955,0.010000000000000002
1268,-0.030000000000000016,-0.010952380952380955,0.010000000000000002
1269,-0.030000000000000016,-0.011818181818181821,0.010000000000000002
1270,-0.030000000000000016,-0.010952380952380955,0.009523809523809526
1271,-0.030000000000000016,-0.012380952380952385,0.010000000000000002
1272,-0.030000000000000016,-0.011428571428571432,0.010000000000000002
1273,-0.030000000000000016,-0.010952380952380955,0.009523809523809526
1274,-0.030000000000000016,-0.013333333333333338,0.010000000000000002
1275,-0.030000000000000016,-0.01090909090909091,0.010000000000000002
1276,-0.030000000000000016,-0.010476190476190481,0.008571428571428572
1277,-0.030000000000000016,-0.012380952380952381,0.007619047619047619
1278,-0.030000000000000016,-0.01142857142857143,0.008095238095238096
1279,-0.030000000000000016,-0.012380952380952381,0.010000000000000002
1280,-0.030000000000000016,-0.01142857142857143,0.008095238095238096
1281,-0.030000000000000016,-0.010952380952380956,0.008571428571428572
1282,-0.030000000000000016,-0.013333333333333334,0.007619047619047619
1283,-0.030000000000000016,-0.012380952380952385,0.007619047619047619
1284,-0.030000000000000016,-0.014761904761904764,0.005714285714285713
1285,-0.030000000000000016,-0.010952380952380955,0.007142857142857143
1286,-0.030000000000000016,-0.01142857142857143,0.008095238095238096
1287,-0.030000000000000016,-0.012083333333333337,0.008750000000000003
1288,-0.030000000000000016,-0.012857142857142859,0.006190476190476189
1289,-0.030000000000000016,-0.011904761904761908,0.004285714285714286
1290,-0.030000000000000016,-0.012380952380952381,0.006190476190476189
1291,-0.030000000000000016,-0.012272727272727279,0.00409090909090909
1292,-0.030000000000000016,-0.012380952380952385,0.005238095238095238
1293,-0.030000000000000016,-0.012857142857142855,0.006190476190476189
1294,-0.030000000000000016,-0.01285714285714286,0.0047619047619047615
1295,-0.030000000000000016,-0.013809523809523811,0.007142857142857143
